#
# A fatal error has been detected by the Java Runtime Environment:
#
#  EXCEPTION_ACCESS_VIOLATION (0xc0000005) at pc=0x00007ffb74873065, pid=18624, tid=21620
#
# JRE version: OpenJDK Runtime Environment Temurin-21.0.12+8 (21.0.12+8) (build 21.0.12+8-LTS)
# Java VM: OpenJDK 64-Bit Server VM Temurin-21.0.12+8 (21.0.12+8-LTS, mixed mode, sharing, tiered, compressed oops, compressed class ptrs, g1 gc, windows-amd64)
# Problematic frame:
# V  [jvm.dll+0x323065]
#
# No core dump will be written. Minidumps are not enabled by default on client versions of Windows
#
# If you would like to submit a bug report, please visit:
#   https://github.com/adoptium/adoptium-support/issues
#

---------------  S U M M A R Y ------------

Command Line: -Dfml.modFolders=createwarfare%%C:\\Users\\julia\\Documents\\GitHub\\create-warfare-simulated\\build\\classes\\java\\main;createwarfare%%C:\\Users\\julia\\Documents\\GitHub\\create-warfare-simulated\\build\\resources\\main --module-path=C:\\Users\\julia\\.gradle\\caches\\modules-2\\files-2.1\\net.neoforged\\JarJarFileSystems\\0.4.1\\78f59f89defcd032ed788b151ca6a0d40ace796a\\JarJarFileSystems-0.4.1.jar;C:\\Users\\julia\\.gradle\\caches\\modules-2\\files-2.1\\cpw.mods\\bootstraplauncher\\2.0.2\\1a2d076cbc33b0520cbacd591224427b2a20047d\\bootstraplauncher-2.0.2.jar;C:\\Users\\julia\\.gradle\\caches\\modules-2\\files-2.1\\cpw.mods\\securejarhandler\\3.0.8\\c0ef95cecd8699a0449053ac7d9c160748d902cd\\securejarhandler-3.0.8.jar;C:\\Users\\julia\\.gradle\\caches\\modules-2\\files-2.1\\org.ow2.asm\\asm-commons\\9.10.1\\4229e4c55fd8e01c23f9fe9884075cc628aacc50\\asm-commons-9.10.1.jar;C:\\Users\\julia\\.gradle\\caches\\modules-2\\files-2.1\\org.ow2.asm\\asm-util\\9.10.1\\7bb9d450e8d4cbf9f9e04096c44bbfe7fba80b15\\asm-util-9.10.1.jar;C:\\Users\\julia\\.gradle\\caches\\modules-2\\files-2.1\\org.ow2.asm\\asm-analysis\\9.10.1\\8d49f14d51f632cb1d87c88d1ceaf50db0d8af1b\\asm-analysis-9.10.1.jar;C:\\Users\\julia\\.gradle\\caches\\modules-2\\files-2.1\\org.ow2.asm\\asm-tree\\9.10.1\\e244332a17564c1d1572449399a842de35881be2\\asm-tree-9.10.1.jar;C:\\Users\\julia\\.gradle\\caches\\modules-2\\files-2.1\\org.ow2.asm\\asm\\9.10.1\\ada2141c0cc52ee8f5c48cd5fa4ce0e794f22236\\asm-9.10.1.jar --add-modules=ALL-MODULE-PATH --add-opens=java.base/java.util.jar=cpw.mods.securejarhandler --add-opens=java.base/java.lang.invoke=cpw.mods.securejarhandler --add-exports=java.base/sun.security.util=cpw.mods.securejarhandler --add-exports=jdk.naming.dns/com.sun.jndi.dns=java.naming -Dlog4j2.configurationFile=C:\\Users\\julia\\Documents\\GitHub\\create-warfare-simulated\\build\\moddev\\clientLog4j2.xml -Djava.net.preferIPv6Addresses=system -DignoreList=mixinextras-neoforge-0.5.3.jar,client-extra,neoforge- -DlegacyClassPath.file=C:\\Users\\julia\\Documents\\GitHub\\create-warfare-simulated\\build\\moddev\\clientLegacyClasspath.txt -Dneoforge.enableGameTest=true -Dneoforge.enabledGameTestNamespaces=createwarfare -Dforge.logging.markers=REGISTRIES --module-path=C:\\Users\\julia\\.gradle\\caches\\modules-2\\files-2.1\\net.neoforged\\JarJarFileSystems\\0.4.1\\78f59f89defcd032ed788b151ca6a0d40ace796a\\JarJarFileSystems-0.4.1.jar;C:\\Users\\julia\\.gradle\\caches\\modules-2\\files-2.1\\cpw.mods\\bootstraplauncher\\2.0.2\\1a2d076cbc33b0520cbacd591224427b2a20047d\\bootstraplauncher-2.0.2.jar;C:\\Users\\julia\\.gradle\\caches\\modules-2\\files-2.1\\cpw.mods\\securejarhandler\\3.0.8\\c0ef95cecd8699a0449053ac7d9c160748d902cd\\securejarhandler-3.0.8.jar;C:\\Users\\julia\\.gradle\\caches\\modules-2\\files-2.1\\org.ow2.asm\\asm-commons\\9.10.1\\4229e4c55fd8e01c23f9fe9884075cc628aacc50\\asm-commons-9.10.1.jar;C:\\Users\\julia\\.gradle\\caches\\modules-2\\files-2.1\\org.ow2.asm\\asm-util\\9.10.1\\7bb9d450e8d4cbf9f9e04096c44bbfe7fba80b15\\asm-util-9.10.1.jar;C:\\Users\\julia\\.gradle\\caches\\modules-2\\files-2.1\\org.ow2.asm\\asm-analysis\\9.10.1\\8d49f14d51f632cb1d87c88d1ceaf50db0d8af1b\\asm-analysis-9.10.1.jar;C:\\Users\\julia\\.gradle\\caches\\modules-2\\files-2.1\\org.ow2.asm\\asm-tree\\9.10.1\\e244332a17564c1d1572449399a842de35881be2\\asm-tree-9.10.1.jar;C:\\Users\\julia\\.gradle\\caches\\modules-2\\files-2.1\\org.ow2.asm\\asm\\9.10.1\\ada2141c0cc52ee8f5c48cd5fa4ce0e794f22236\\asm-9.10.1.jar --add-modules=ALL-MODULE-PATH --add-opens=java.base/java.util.jar=cpw.mods.securejarhandler --add-opens=java.base/java.lang.invoke=cpw.mods.securejarhandler --add-exports=java.base/sun.security.util=cpw.mods.securejarhandler --add-exports=jdk.naming.dns/com.sun.jndi.dns=java.naming -Dlog4j2.configurationFile=C:\\Users\\julia\\Documents\\GitHub\\create-warfare-simulated\\build\\moddev\\clientLog4j2.xml -Djava.net.preferIPv6Addresses=system -DignoreList=mixinextras-neoforge-0.5.3.jar,client-extra,neoforge- -DlegacyClassPath.file=C:\\Users\\julia\\Documents\\GitHub\\create-warfare-simulated\\build\\moddev\\clientLegacyClasspath.txt -Dneoforge.enableGameTest=true -Dneoforge.enabledGameTestNamespaces=createwarfare -Dforge.logging.markers=REGISTRIES -Dfile.encoding=UTF-8 -Duser.country=US -Duser.language=en -Duser.variant net.neoforged.devlaunch.Main @C:\\Users\\julia\\Documents\\GitHub\\create-warfare-simulated\\build\\moddev\\clientRunProgramArgs.txt

Host: AMD Ryzen 5 7600 6-Core Processor              , 12 cores, 31G,  Windows 11 , 64 bit Build 26100 (10.0.26100.9444)
Time: Sun Sep 20 16:23:27 2026 Central European Daylight Time elapsed time: 325.249049 seconds (0d 0h 5m 25s)

---------------  T H R E A D  ---------------

Current thread (0x0000016fe7c46a30):  WorkerThread "G1 Conc#1"      [id=21620, stack(0x0000002725c00000,0x0000002725d00000) (1024K)]

Stack: [0x0000002725c00000,0x0000002725d00000],  sp=0x0000002725cff510,  free space=1021k
Native frames: (J=compiled Java code, j=interpreted, Vv=VM code, C=native code)
V  [jvm.dll+0x323065]
V  [jvm.dll+0x322eff]
V  [jvm.dll+0x32104d]
V  [jvm.dll+0x3204a2]
V  [jvm.dll+0x340260]
V  [jvm.dll+0x33cae1]
V  [jvm.dll+0x33e63c]
V  [jvm.dll+0x33d3b5]
V  [jvm.dll+0x340d06]
V  [jvm.dll+0x8e3751]
V  [jvm.dll+0x8600cd]
V  [jvm.dll+0x6d6c1d]
C  [ucrtbase.dll+0x2cd30]
C  [KERNEL32.DLL+0x2cd87]
C  [ntdll.dll+0xacaec]


siginfo: EXCEPTION_ACCESS_VIOLATION (0xc0000005), reading address 0x00000177fd14c2c0


Registers:
RAX=0x0000016ffd158480, RBX=0x0000016fff517d30, RCX=0x0000000000000016, RDX=0x0000000000000000
RSP=0x0000002725cff510, RBP=0x0000000000000000, RSI=0x0000016ffd19cd80, RDI=0x0000000000008000
R8 =0x0000000000008000, R9 =0x00000000ffffe7c8, R10=0x0000016ffd10c700, R11=0x0000000000000003
R12=0x0000000000000000, R13=0xaaaaaaaaaaaaaaab, R14=0x0000000622ec5478, R15=0x0000016fa2006e50
RIP=0x00007ffb74873065, EFLAGS=0x0000000000010212

XMM[0]=0x0000000000000000 0x0000000000000000
XMM[1]=0x0000000000000000 0x0000000000000000
XMM[2]=0x0000000000000000 0x0000000000000000
XMM[3]=0x0000000000000000 0x0000000000000000
XMM[4]=0x0000000000000000 0x0000000000000000
XMM[5]=0x0000000000000000 0x0000000000000000
XMM[6]=0x0000000000000000 0x3fda0883cd601c40
XMM[7]=0x0000000000000000 0x408f400000000000
XMM[8]=0x0000000000000000 0x0000000000000000
XMM[9]=0x0000000000000000 0x0000000000000000
XMM[10]=0x0000000000000000 0x0000000000000000
XMM[11]=0x0000000000000000 0x0000000000000000
XMM[12]=0x0000000000000000 0x0000000000000000
XMM[13]=0x0000000000000000 0x0000000000000000
XMM[14]=0x0000000000000000 0x0000000000000000
XMM[15]=0x0000000000000000 0x0000000000000000
  MXCSR=0x00001fa0


Register to memory mapping:

RAX=0x0000016ffd158480 points into unknown readable memory: 0x0000016ffd19ee90 | 90 ee 19 fd 6f 01 00 00
RBX=0x0000016fff517d30 points into unknown readable memory: 0x00007ffb74f849b8 | b8 49 f8 74 fb 7f 00 00
RCX=0x0000000000000016 is an unknown value
RDX=0x0 is null
RSP=0x0000002725cff510 points into unknown readable memory: 0x0000000622acbf08 | 08 bf ac 22 06 00 00 00
RBP=0x0 is null
RSI=0x0000016ffd19cd80 points into unknown readable memory: 0x0000016fff514bb0 | b0 4b 51 ff 6f 01 00 00
RDI=0x0000000000008000 is an unknown value
R8 =0x0000000000008000 is an unknown value
R9 =0x00000000ffffe7c8 is an unknown value
R10=0x0000016ffd10c700 points into unknown readable memory: 0x00007ffb74f82fc8 | c8 2f f8 74 fb 7f 00 00
R11=0x0000000000000003 is an unknown value
R12=0x0 is null
R13=0xaaaaaaaaaaaaaaab is an unknown value
R14=0x0000000622ec5478 is an oop: java.lang.Class 
{0x0000000622ec5478} - klass: 'java/lang/Class'
 - ---- fields (total size 15 words):
 - private volatile transient 'classRedefinedCount' 'I' @12  0 (0x00000000)
 - injected 'klass' 'J' @16  1579000866616 (0x0000016fa3c92738)
 - injected 'array_klass' 'J' @24  0 (0x0000000000000000)
 - injected 'oop_size' 'I' @32  15 (0x0000000f)
 - injected 'static_oop_field_count' 'I' @36  1 (0x00000001)
 - private volatile transient 'cachedConstructor' 'Ljava/lang/reflect/Constructor;' @40  null (0x00000000)
 - private transient 'name' 'Ljava/lang/String;' @44  "it.unimi.dsi.fastutil.objects.ObjectIterators"{0x0000000622ec56d8} (0xc45d8adb)
 - private transient 'module' 'Ljava/lang/Module;' @48  a 'java/lang/Module'{0x0000000610330eb0} (0xc20661d6)
 - private final 'classLoader' 'Ljava/lang/ClassLoader;' @52  a 'cpw/mods/cl/ModuleClassLoader'{0x00000006103ba0a8} (0xc2077415)
 - private transient 'classData' 'Ljava/lang/Object;' @56  null (0x00000000)
 - private transient 'packageName' 'Ljava/lang/String;' @60  "it.unimi.dsi.fastutil.objects"{0x000000061626b788} (0xc2c4d6f1)
 - private final 'componentType' 'Ljava/lang/Class;' @64  null (0x00000000)
 - private volatile transient 'reflectionData' 'Ljava/lang/ref/SoftReference;' @68  null (0x00000000)
 - private volatile transient 'genericInfo' 'Lsun/reflect/generics/repository/ClassRepository;' @72  null (0x00000000)
 - private volatile transient 'enumConstants' '[Ljava/lang/Object;' @76  null (0x00000000)
 - private volatile transient 'enumConstantDirectory' 'Ljava/util/Map;' @80  
[error occurred during error reporting (printing register info), id 0xc0000005, EXCEPTION_ACCESS_VIOLATION (0xc0000005) at pc=0x00007ffb74c130ad]
R15={method} {0x0000016fa2006e58} 'toString' '()Ljava/lang/String;' in 'java/lang/Class'

Top of Stack: (sp=0x0000002725cff510)
0x0000002725cff510:   0000000622acbf08 00007ffb74873096   ...".....0.t....
0x0000002725cff520:   0000016fff517d30 0000002725cff6c0   0}Q.o......%'...
0x0000002725cff530:   0000000000008000 00007ffb74872eff   ...........t....
0x0000002725cff540:   0000016fff517d30 0000002725cff6c0   0}Q.o......%'...
0x0000002725cff550:   0000016fa2006e48 0000002725cff6c0   Hn..o......%'...
0x0000002725cff560:   0000000622ec54e8 00007ffb7487104d   .T."....M..t....
0x0000002725cff570:   0000000622ec54c8 00007ffb74870f7d   .T."....}..t....
0x0000002725cff580:   0000000622ec5474 00007ffb748704a2   tT.".......t....
0x0000002725cff590:   0000002725cff6a0 0000000000000000   ...%'...........
0x0000002725cff5a0:   0000016fa2006b50 00007ffb748704a2   Pk..o......t....
0x0000002725cff5b0:   000000000000000f 0000002725cff6c0   ...........%'...
0x0000002725cff5c0:   0000000622ec5478 0000000000000040   xT."....@.......
0x0000002725cff5d0:   0000016fff517d30 00007ffb74890260   0}Q.o...`..t....
0x0000002725cff5e0:   0000000622ec5478 0000016ffd19cd90   xT."........o...
0x0000002725cff5f0:   0000002725cff6a0 0000016ffd19cd90   ...%'.......o...
0x0000002725cff600:   0000000622ec5478 00007ffb7488cae1   xT.".......t....
0x0000002725cff610:   00000000029d8a8f 00000000029d8a5e   ........^.......
0x0000002725cff620:   0000002725cff650 00007ffb7488dfb0   P..%'......t....
0x0000002725cff630:   0000000002a00000 00007ffb7488e63c   ........<..t....
0x0000002725cff640:   0000000622ec5440 00000000029d8a8f   @T."............
0x0000002725cff650:   0000000001fe373c 00000000001c9c38   <7......8.......
0x0000002725cff660:   0000000000000001 0000000000000000   ................
0x0000002725cff670:   0000016fff517d30 00007ffb7488d3b5   0}Q.o......t....
0x0000002725cff680:   0000016fff517dc8 0000016fe9624301   .}Q.o....Cb.o...
0x0000002725cff690:   0000016fff517dc8 0000000000000000   .}Q.o...........
0x0000002725cff6a0:   0000016ffd19cd80 0000016fff517d30   ....o...0}Q.o...
0x0000002725cff6b0:   0000000622c00000 0000000000080000   ..."............
0x0000002725cff6c0:   00007ffb74f849d8 0000016fff5b7bb0   .I.t.....{[.o...
0x0000002725cff6d0:   00007ffb00000003 0000016ffd10c700   ............o...
0x0000002725cff6e0:   0000016fff517d30 00007ffb74c20d4c   0}Q.o...L..t....
0x0000002725cff6f0:   c215b08487f1fefa 0000000000000000   ................
0x0000002725cff700:   0000000000000000 0000000000000000   ................

Instructions: (pc=0x00007ffb74873065)
0x00007ffb74872f65:   05 75 35 48 8b 83 a8 00 00 00 48 39 83 a0 00 00
0x00007ffb74872f75:   00 73 10 48 8b 83 c0 00 00 00 48 39 83 b8 00 00
0x00007ffb74872f85:   00 72 7f 48 8b cb e8 a0 c4 01 00 b0 01 48 8b 5c
0x00007ffb74872f95:   24 30 48 83 c4 20 5f c3 48 8b 53 30 44 8b 82 80
0x00007ffb74872fa5:   00 00 00 8b 82 00 01 00 00 41 8b c8 2b c8 81 e1
0x00007ffb74872fb5:   ff ff 01 00 81 f9 fe ff 01 00 72 2c 48 8b cb e8
0x00007ffb74872fc5:   67 b8 01 00 48 8b 53 30 44 8b 82 80 00 00 00 8b
0x00007ffb74872fd5:   82 00 01 00 00 41 8b c8 2b c8 81 e1 ff ff 01 00
0x00007ffb74872fe5:   81 f9 fe ff 01 00 73 1a 48 8b 82 80 01 00 00 4a
0x00007ffb74872ff5:   89 3c c0 41 8d 40 01 25 ff ff 01 00 89 82 80 00
0x00007ffb74873005:   00 00 48 8b 5c 24 30 b0 01 48 83 c4 20 5f c3 cc
0x00007ffb74873015:   cc cc cc cc cc cc cc cc cc cc cc 48 89 6c 24 10
0x00007ffb74873025:   48 89 74 24 18 57 48 83 ec 20 4c 8b 51 08 48 8b
0x00007ffb74873035:   f1 4d 8b c8 8b ea 49 8b f8 41 8b 8a 20 02 00 00
0x00007ffb74873045:   49 8b 82 18 02 00 00 48 d3 e0 8b 0d db 44 98 00
0x00007ffb74873055:   4c 2b c8 49 8b 82 00 02 00 00 49 d3 e9 45 8b c9
0x00007ffb74873065:   4a 8b 04 c8 48 8b 40 60 4c 3b c0 72 12 32 c0 48
0x00007ffb74873075:   8b 6c 24 38 48 8b 74 24 40 48 83 c4 20 5f c3 48
0x00007ffb74873085:   8b 46 10 48 8d 4e 10 48 8b d7 48 89 5c 24 30 ff
0x00007ffb74873095:   10 8b 4e 28 48 8b d7 48 2b 56 18 48 8b 46 30 48
0x00007ffb748730a5:   c1 ea 03 48 d3 ea 48 8b ca 48 c1 e9 06 4c 8d 04
0x00007ffb748730b5:   c8 0f b6 ca 49 8b 00 80 e1 3f ba 01 00 00 00 48
0x00007ffb748730c5:   d3 e2 48 8b c8 48 0b ca 48 3b c8 74 12 f0 49 0f
0x00007ffb748730d5:   b1 08 74 25 48 8b c8 48 0b ca 48 3b c8 75 ee 32
0x00007ffb748730e5:   db 48 8b 6c 24 38 0f b6 c3 48 8b 5c 24 30 48 8b
0x00007ffb748730f5:   74 24 40 48 83 c4 20 5f c3 80 3d 5a 84 91 00 00
0x00007ffb74873105:   b3 01 74 15 8b 57 08 8b 0d 26 6f 91 00 48 d3 e2
0x00007ffb74873115:   48 03 15 14 6f 91 00 eb 04 48 8b 57 08 48 8b cf
0x00007ffb74873125:   e8 36 99 ce ff 48 8b 8e b8 02 00 00 4c 8b d8 4c
0x00007ffb74873135:   8b 0c e9 49 8b 51 18 8b 8a 20 02 00 00 4c 8b 82
0x00007ffb74873145:   18 02 00 00 41 8b 51 60 49 d3 e0 8b 0d da 43 98
0x00007ffb74873155:   00 49 2b f8 48 d3 ef 44 8b d7 49 23 d2 48 c1 e2


Stack slot to memory mapping:

stack at sp + 0 slots: 0x0000000622acbf08 is an oop: [B 
{0x0000000622acbf08} - klass: {type array byte}
 - length: 11
stack at sp + 1 slots: 0x00007ffb74873096 jvm.dll
stack at sp + 2 slots: 0x0000016fff517d30 points into unknown readable memory: 0x00007ffb74f849b8 | b8 49 f8 74 fb 7f 00 00
stack at sp + 3 slots: 0x0000002725cff6c0 points into unknown readable memory: 0x00007ffb74f849d8 | d8 49 f8 74 fb 7f 00 00
stack at sp + 4 slots: 0x0000000000008000 is an unknown value
stack at sp + 5 slots: 0x00007ffb74872eff jvm.dll
stack at sp + 6 slots: 0x0000016fff517d30 points into unknown readable memory: 0x00007ffb74f849b8 | b8 49 f8 74 fb 7f 00 00
stack at sp + 7 slots: 0x0000002725cff6c0 points into unknown readable memory: 0x00007ffb74f849d8 | d8 49 f8 74 fb 7f 00 00


---------------  P R O C E S S  ---------------

Threads class SMR info:
_java_thread_list=0x0000016fe910da70, length=58, elements={
0x0000016ffd0fb3e0, 0x0000016fa152b430, 0x0000016fa152bf90, 0x0000016fa152fd00,
0x0000016fa1533da0, 0x0000016fa1554900, 0x0000016fa15557b0, 0x0000016fa1556630,
0x0000016fa15635f0, 0x0000016fa166f910, 0x0000016fa1785b80, 0x0000016fe8974700,
0x0000016fe957d310, 0x0000016fe957d980, 0x0000016fe8f365f0, 0x0000016fe8f36c60,
0x0000016fe897fb50, 0x0000016feb18f850, 0x0000016feb18de10, 0x0000016feb191920,
0x0000016feb192640, 0x0000016ff493ea50, 0x0000016ff493f770, 0x0000016ff493c2f0,
0x0000016ff4941ed0, 0x0000016feb18c3d0, 0x0000016feb18b6b0, 0x0000016feb18b020,
0x0000016feb18d0f0, 0x0000016feb18d780, 0x0000016feb191290, 0x0000016ff4942560,
0x0000016ff4940490, 0x0000016ff4943280, 0x0000016ff4940b20, 0x0000016fe897f4c0,
0x0000016ff7224860, 0x0000016ff72206c0, 0x0000016fe897da80, 0x0000016fe79c0580,
0x0000016fe79c12a0, 0x0000016fe79c1fc0, 0x0000016fe79bf860, 0x0000016fe79c4090,
0x0000016fe79c2ce0, 0x0000016fe79c3a00, 0x0000016ff438fad0, 0x0000016ff43956b0,
0x0000016ff4394300, 0x0000016ff4394990, 0x0000016ff4395020, 0x0000016ff4395d40,
0x0000017084dc9850, 0x0000016fe79c6160, 0x0000016ff43928c0, 0x0000016ff4392f50,
0x0000016ff4390160, 0x0000017084dc84a0
}

Java Threads: ( => current thread )
  0x0000016ffd0fb3e0 JavaThread "Render thread"                     [_thread_in_Java, id=21284, stack(0x0000002722b00000,0x0000002722c00000) (1024K)]
  0x0000016fa152b430 JavaThread "Reference Handler"          daemon [_thread_blocked, id=15028, stack(0x0000002723300000,0x0000002723400000) (1024K)]
  0x0000016fa152bf90 JavaThread "Finalizer"                  daemon [_thread_blocked, id=15416, stack(0x0000002723400000,0x0000002723500000) (1024K)]
  0x0000016fa152fd00 JavaThread "Signal Dispatcher"          daemon [_thread_blocked, id=16440, stack(0x0000002723500000,0x0000002723600000) (1024K)]
  0x0000016fa1533da0 JavaThread "Attach Listener"            daemon [_thread_blocked, id=22716, stack(0x0000002723600000,0x0000002723700000) (1024K)]
  0x0000016fa1554900 JavaThread "Service Thread"             daemon [_thread_blocked, id=10816, stack(0x0000002723700000,0x0000002723800000) (1024K)]
  0x0000016fa15557b0 JavaThread "Monitor Deflation Thread"   daemon [_thread_blocked, id=10892, stack(0x0000002723800000,0x0000002723900000) (1024K)]
  0x0000016fa1556630 JavaThread "C2 CompilerThread0"         daemon [_thread_blocked, id=23200, stack(0x0000002723900000,0x0000002723a00000) (1024K)]
  0x0000016fa15635f0 JavaThread "C1 CompilerThread0"         daemon [_thread_blocked, id=5776, stack(0x0000002723a00000,0x0000002723b00000) (1024K)]
  0x0000016fa166f910 JavaThread "Common-Cleaner"             daemon [_thread_blocked, id=21404, stack(0x0000002723b00000,0x0000002723c00000) (1024K)]
  0x0000016fa1785b80 JavaThread "Notification Thread"        daemon [_thread_blocked, id=7244, stack(0x0000002723d00000,0x0000002723e00000) (1024K)]
  0x0000016fe8974700 JavaThread "ForkJoinPool.commonPool-worker-2" daemon [_thread_blocked, id=23516, stack(0x0000002724900000,0x0000002724a00000) (1024K)]
  0x0000016fe957d310 JavaThread "ForkJoinPool.commonPool-worker-3" daemon [_thread_blocked, id=16772, stack(0x0000002724a00000,0x0000002724b00000) (1024K)]
  0x0000016fe957d980 JavaThread "ForkJoinPool.commonPool-worker-4" daemon [_thread_blocked, id=23028, stack(0x0000002724b00000,0x0000002724c00000) (1024K)]
  0x0000016fe8f365f0 JavaThread "ForkJoinPool.commonPool-worker-5" daemon [_thread_blocked, id=12856, stack(0x0000002724c00000,0x0000002724d00000) (1024K)]
  0x0000016fe8f36c60 JavaThread "ForkJoinPool.commonPool-worker-6" daemon [_thread_blocked, id=23196, stack(0x0000002724d00000,0x0000002724e00000) (1024K)]
  0x0000016fe897fb50 JavaThread "ForkJoinPool.commonPool-worker-10" daemon [_thread_blocked, id=6468, stack(0x0000002725100000,0x0000002725200000) (1024K)]
  0x0000016feb18f850 JavaThread "JNA Cleaner"                daemon [_thread_blocked, id=5172, stack(0x0000002726a00000,0x0000002726b00000) (1024K)]
  0x0000016feb18de10 JavaThread "Timer hack thread"          daemon [_thread_blocked, id=1176, stack(0x0000002726900000,0x0000002726a00000) (1024K)]
  0x0000016feb191920 JavaThread "Yggdrasil Key Fetcher"      daemon [_thread_blocked, id=8468, stack(0x0000002726c00000,0x0000002726d00000) (1024K)]
  0x0000016feb192640 JavaThread "Cleaner-0"                  daemon [_thread_blocked, id=19956, stack(0x0000002726f00000,0x0000002727000000) (1024K)]
  0x0000016ff493ea50 JavaThread "modloading-worker-0"        daemon [_thread_blocked, id=8180, stack(0x0000002726000000,0x0000002726100000) (1024K)]
  0x0000016ff493f770 JavaThread "modloading-worker-0"        daemon [_thread_blocked, id=5076, stack(0x0000002726200000,0x0000002726300000) (1024K)]
  0x0000016ff493c2f0 JavaThread "modloading-worker-0"        daemon [_thread_blocked, id=19304, stack(0x0000002726500000,0x0000002726600000) (1024K)]
  0x0000016ff4941ed0 JavaThread "modloading-sync-worker"     daemon [_thread_blocked, id=11976, stack(0x0000002726600000,0x0000002726700000) (1024K)]
  0x0000016feb18c3d0 JavaThread "FileSystemWatchService"     daemon [_thread_in_native, id=17796, stack(0x0000002726700000,0x0000002726800000) (1024K)]
  0x0000016feb18b6b0 JavaThread "config-file-watcher-0-0"    daemon [_thread_blocked, id=10376, stack(0x0000002726800000,0x0000002726900000) (1024K)]
  0x0000016feb18b020 JavaThread "Worker-Main-3"              daemon [_thread_blocked, id=5780, stack(0x0000002727500000,0x0000002727600000) (1024K)]
  0x0000016feb18d0f0 JavaThread "Worker-Main-4"              daemon [_thread_blocked, id=16656, stack(0x0000002727600000,0x0000002727700000) (1024K)]
  0x0000016feb18d780 JavaThread "Worker-Main-5"              daemon [_thread_blocked, id=22260, stack(0x0000002727700000,0x0000002727800000) (1024K)]
  0x0000016feb191290 JavaThread "Worker-Main-6"              daemon [_thread_blocked, id=18860, stack(0x0000002727800000,0x0000002727900000) (1024K)]
  0x0000016ff4942560 JavaThread "Worker-Main-7"              daemon [_thread_blocked, id=8832, stack(0x0000002727a00000,0x0000002727b00000) (1024K)]
  0x0000016ff4940490 JavaThread "Worker-Main-8"              daemon [_thread_blocked, id=3044, stack(0x0000002727b00000,0x0000002727c00000) (1024K)]
  0x0000016ff4943280 JavaThread "Worker-Main-9"              daemon [_thread_blocked, id=22796, stack(0x0000002727c00000,0x0000002727d00000) (1024K)]
  0x0000016ff4940b20 JavaThread "Worker-Main-10"             daemon [_thread_blocked, id=16568, stack(0x0000002727d00000,0x0000002727e00000) (1024K)]
  0x0000016fe897f4c0 JavaThread "Worker-Main-11"             daemon [_thread_blocked, id=3012, stack(0x0000002727e00000,0x0000002727f00000) (1024K)]
  0x0000016ff7224860 JavaThread "Cleaner-1"                  daemon [_thread_blocked, id=12720, stack(0x0000002728200000,0x0000002728300000) (1024K)]
  0x0000016ff72206c0 JavaThread "Server thread"                     [_thread_blocked, id=15892, stack(0x0000002725600000,0x0000002725700000) (1024K)]
  0x0000016fe897da80 JavaThread "Java2D Disposer"            daemon [_thread_blocked, id=13292, stack(0x0000002728400000,0x0000002728500000) (1024K)]
  0x0000016fe79c0580 JavaThread "Netty Server IO #0"         daemon [_thread_in_native, id=6240, stack(0x0000002729d00000,0x0000002729e00000) (1024K)]
  0x0000016fe79c12a0 JavaThread "Netty Server IO #1"         daemon [_thread_in_native, id=21216, stack(0x0000002729e00000,0x0000002729f00000) (1024K)]
  0x0000016fe79c1fc0 JavaThread "Netty Local Client IO #0"   daemon [_thread_blocked, id=2028, stack(0x0000002729f00000,0x000000272a000000) (1024K)]
  0x0000016fe79bf860 JavaThread "Netty Server IO #2"         daemon [_thread_in_native, id=17780, stack(0x000000272a000000,0x000000272a100000) (1024K)]
  0x0000016fe79c4090 JavaThread "Netty Local Client IO #1"   daemon [_thread_blocked, id=23464, stack(0x0000002725800000,0x0000002725900000) (1024K)]
  0x0000016fe79c2ce0 JavaThread "Netty Server IO #3"         daemon [_thread_in_native, id=5088, stack(0x000000272a100000,0x000000272a200000) (1024K)]
  0x0000016fe79c3a00 JavaThread "Sound engine"               daemon [_thread_blocked, id=22924, stack(0x000000272a200000,0x000000272a300000) (1024K)]
  0x0000016ff438fad0 JavaThread "Flywheel Task Executor #0"         [_thread_blocked, id=11948, stack(0x0000002723c00000,0x0000002723d00000) (1024K)]
  0x0000016ff43956b0 JavaThread "Flywheel Task Executor #1"         [_thread_blocked, id=23280, stack(0x0000002725b00000,0x0000002725c00000) (1024K)]
  0x0000016ff4394300 JavaThread "Flywheel Task Executor #2"         [_thread_blocked, id=20868, stack(0x000000272a600000,0x000000272a700000) (1024K)]
  0x0000016ff4394990 JavaThread "Flywheel Task Executor #3"         [_thread_blocked, id=8872, stack(0x000000272a700000,0x000000272a800000) (1024K)]
  0x0000016ff4395020 JavaThread "Flywheel Task Executor #4"         [_thread_blocked, id=22048, stack(0x000000272a800000,0x000000272a900000) (1024K)]
  0x0000016ff4395d40 JavaThread "Flywheel Task Executor #5"         [_thread_blocked, id=22392, stack(0x000000272a900000,0x000000272aa00000) (1024K)]
  0x0000017084dc9850 JavaThread "Worker-Main-12"             daemon [_thread_blocked, id=20820, stack(0x0000002724e00000,0x0000002724f00000) (1024K)]
  0x0000016fe79c6160 JavaThread "IO-Worker-11"                      [_thread_blocked, id=22480, stack(0x0000002726d00000,0x0000002726e00000) (1024K)]
  0x0000016ff43928c0 JavaThread "IO-Worker-12"                      [_thread_blocked, id=22936, stack(0x0000002722800000,0x0000002722900000) (1024K)]
  0x0000016ff4392f50 JavaThread "Worker-Main-13"             daemon [_thread_blocked, id=6388, stack(0x0000002722900000,0x0000002722a00000) (1024K)]
  0x0000016ff4390160 JavaThread "IO-Worker-13"                      [_thread_blocked, id=21388, stack(0x0000002722a00000,0x0000002722b00000) (1024K)]
  0x0000017084dc84a0 JavaThread "IO-Worker-14"                      [_thread_blocked, id=19612, stack(0x0000002724f00000,0x0000002725000000) (1024K)]
Total: 58

Other Threads:
  0x0000016fa1506490 VMThread "VM Thread"                           [id=5792, stack(0x0000002723200000,0x0000002723300000) (1024K)]
  0x0000016fff6eca10 WatcherThread "VM Periodic Task Thread"        [id=14120, stack(0x0000002723100000,0x0000002723200000) (1024K)]
  0x0000016ffd19c680 WorkerThread "GC Thread#0"                     [id=12144, stack(0x0000002722c00000,0x0000002722d00000) (1024K)]
  0x0000016fe7686590 WorkerThread "GC Thread#1"                     [id=4712, stack(0x0000002723f00000,0x0000002724000000) (1024K)]
  0x0000016fe7686940 WorkerThread "GC Thread#2"                     [id=11684, stack(0x0000002724000000,0x0000002724100000) (1024K)]
  0x0000016fe77fe2f0 WorkerThread "GC Thread#3"                     [id=18672, stack(0x0000002724100000,0x0000002724200000) (1024K)]
  0x0000016fe77fe6a0 WorkerThread "GC Thread#4"                     [id=200, stack(0x0000002724200000,0x0000002724300000) (1024K)]
  0x0000016fe77fea50 WorkerThread "GC Thread#5"                     [id=22244, stack(0x0000002724300000,0x0000002724400000) (1024K)]
  0x0000016fe70635c0 WorkerThread "GC Thread#6"                     [id=22376, stack(0x0000002724400000,0x0000002724500000) (1024K)]
  0x0000016fe7063970 WorkerThread "GC Thread#7"                     [id=20880, stack(0x0000002724500000,0x0000002724600000) (1024K)]
  0x0000016fe7063d20 WorkerThread "GC Thread#8"                     [id=13760, stack(0x0000002724600000,0x0000002724700000) (1024K)]
  0x0000016fe70640d0 WorkerThread "GC Thread#9"                     [id=980, stack(0x0000002724700000,0x0000002724800000) (1024K)]
  0x0000016fff514bb0 ConcurrentGCThread "G1 Main Marker"            [id=22232, stack(0x0000002722d00000,0x0000002722e00000) (1024K)]
  0x0000016ffd19e8f0 WorkerThread "G1 Conc#0"                       [id=19196, stack(0x0000002722e00000,0x0000002722f00000) (1024K)]
=>0x0000016fe7c46a30 WorkerThread "G1 Conc#1"                       [id=21620, stack(0x0000002725c00000,0x0000002725d00000) (1024K)]
  0x0000016fe7c478f0 WorkerThread "G1 Conc#2"                       [id=16700, stack(0x0000002725d00000,0x0000002725e00000) (1024K)]
  0x0000016fff5ba640 ConcurrentGCThread "G1 Refine#0"               [id=19592, stack(0x0000002722f00000,0x0000002723000000) (1024K)]
  0x0000016fff5be480 ConcurrentGCThread "G1 Service"                [id=15716, stack(0x0000002723000000,0x0000002723100000) (1024K)]
Total: 18

Threads with active compile tasks:
Total: 0

VM state: not at safepoint (normal execution)

VM Mutex/Monitor currently owned by a thread: None

Heap address: 0x000000060e000000, size: 7968 MB, Compressed Oops mode: Zero based, Oop shift amount: 3

CDS archive(s) mapped at: [0x0000016fa2000000-0x0000016fa2c80000-0x0000016fa2c80000), size 13107200, SharedBaseAddress: 0x0000016fa2000000, ArchiveRelocationMode: 1.
Compressed class space mapped at: 0x0000016fa3000000-0x0000016fe3000000, reserved size: 1073741824
Narrow klass base: 0x0000016fa2000000, Narrow klass shift: 0, Narrow klass range: 0x100000000

GC Precious Log:
 CardTable entry size: 512
 Card Set container configuration: InlinePtr #cards 4 size 8 Array Of Cards #cards 32 size 80 Howl #buckets 8 coarsen threshold 7372 Howl Bitmap #cards 1024 size 144 coarsen threshold 921 Card regions per heap region 1 cards per card region 8192
 CPUs: 12 total, 12 available
 Memory: 31860M
 Large Page Support: Disabled
 NUMA Support: Disabled
 Compressed Oops: Enabled (Zero based)
 Heap Region Size: 4M
 Heap Min Capacity: 8M
 Heap Initial Capacity: 500M
 Heap Max Capacity: 7968M
 Pre-touch: Disabled
 Parallel Workers: 10
 Concurrent Workers: 3
 Concurrent Refinement Workers: 10
 Periodic GC: Disabled

Heap:
 garbage-first heap   total 3428352K, used 1474836K [0x000000060e000000, 0x0000000800000000)
  region size 4096K, 124 young (507904K), 28 survivors (114688K)
 Metaspace       used 185966K, committed 188032K, reserved 1245184K
  class space    used 29250K, committed 30144K, reserved 1048576K

Heap Regions: E=young(eden), S=young(survivor), O=old, HS=humongous(starts), HC=humongous(continues), CS=collection set, F=free, TAMS=top-at-mark-start, PB=parsable bottom
|   0|0x000000060e000000, 0x000000060e400000, 0x000000060e400000|100%| O|  |TAMS 0x000000060e400000| PB 0x000000060e000000| Untracked 
|   1|0x000000060e400000, 0x000000060e800000, 0x000000060e800000|100%| O|  |TAMS 0x000000060e800000| PB 0x000000060e400000| Untracked 
|   2|0x000000060e800000, 0x000000060ec00000, 0x000000060ec00000|100%| O|  |TAMS 0x000000060ec00000| PB 0x000000060e800000| Untracked 
|   3|0x000000060ec00000, 0x000000060f000000, 0x000000060f000000|100%| O|  |TAMS 0x000000060f000000| PB 0x000000060ec00000| Untracked 
|   4|0x000000060f000000, 0x000000060f400000, 0x000000060f400000|100%| O|  |TAMS 0x000000060f400000| PB 0x000000060f000000| Untracked 
|   5|0x000000060f400000, 0x000000060f800000, 0x000000060f800000|100%| O|  |TAMS 0x000000060f800000| PB 0x000000060f400000| Untracked 
|   6|0x000000060f800000, 0x000000060fc00000, 0x000000060fc00000|100%| O|  |TAMS 0x000000060fc00000| PB 0x000000060f800000| Untracked 
|   7|0x000000060fc00000, 0x0000000610000000, 0x0000000610000000|100%| O|  |TAMS 0x0000000610000000| PB 0x000000060fc00000| Untracked 
|   8|0x0000000610000000, 0x0000000610400000, 0x0000000610400000|100%| O|  |TAMS 0x0000000610400000| PB 0x0000000610000000| Untracked 
|   9|0x0000000610400000, 0x0000000610800000, 0x0000000610800000|100%| O|  |TAMS 0x0000000610800000| PB 0x0000000610400000| Untracked 
|  10|0x0000000610800000, 0x0000000610c00000, 0x0000000610c00000|100%| O|  |TAMS 0x0000000610c00000| PB 0x0000000610800000| Untracked 
|  11|0x0000000610c00000, 0x0000000611000000, 0x0000000611000000|100%| O|  |TAMS 0x0000000611000000| PB 0x0000000610c00000| Untracked 
|  12|0x0000000611000000, 0x0000000611400000, 0x0000000611400000|100%| O|  |TAMS 0x0000000611400000| PB 0x0000000611000000| Untracked 
|  13|0x0000000611400000, 0x0000000611800000, 0x0000000611800000|100%| O|  |TAMS 0x0000000611800000| PB 0x0000000611400000| Untracked 
|  14|0x0000000611800000, 0x0000000611c00000, 0x0000000611c00000|100%|HS|  |TAMS 0x0000000611c00000| PB 0x0000000611800000| Complete 
|  15|0x0000000611c00000, 0x0000000612000000, 0x0000000612000000|100%|HC|  |TAMS 0x0000000612000000| PB 0x0000000611c00000| Complete 
|  16|0x0000000612000000, 0x0000000612400000, 0x0000000612400000|100%|HC|  |TAMS 0x0000000612400000| PB 0x0000000612000000| Complete 
|  17|0x0000000612400000, 0x0000000612800000, 0x0000000612800000|100%|HC|  |TAMS 0x0000000612800000| PB 0x0000000612400000| Complete 
|  18|0x0000000612800000, 0x0000000612c00000, 0x0000000612c00000|100%|HC|  |TAMS 0x0000000612c00000| PB 0x0000000612800000| Complete 
|  19|0x0000000612c00000, 0x0000000613000000, 0x0000000613000000|100%|HC|  |TAMS 0x0000000613000000| PB 0x0000000612c00000| Complete 
|  20|0x0000000613000000, 0x0000000613400000, 0x0000000613400000|100%|HC|  |TAMS 0x0000000613400000| PB 0x0000000613000000| Complete 
|  21|0x0000000613400000, 0x0000000613800000, 0x0000000613800000|100%|HS|  |TAMS 0x0000000613800000| PB 0x0000000613400000| Complete 
|  22|0x0000000613800000, 0x0000000613c00000, 0x0000000613c00000|100%|HC|  |TAMS 0x0000000613c00000| PB 0x0000000613800000| Complete 
|  23|0x0000000613c00000, 0x0000000614000000, 0x0000000614000000|100%|HC|  |TAMS 0x0000000614000000| PB 0x0000000613c00000| Complete 
|  24|0x0000000614000000, 0x0000000614400000, 0x0000000614400000|100%|HC|  |TAMS 0x0000000614400000| PB 0x0000000614000000| Complete 
|  25|0x0000000614400000, 0x0000000614800000, 0x0000000614800000|100%|HC|  |TAMS 0x0000000614800000| PB 0x0000000614400000| Complete 
|  26|0x0000000614800000, 0x0000000614c00000, 0x0000000614c00000|100%|HC|  |TAMS 0x0000000614c00000| PB 0x0000000614800000| Complete 
|  27|0x0000000614c00000, 0x0000000615000000, 0x0000000615000000|100%|HC|  |TAMS 0x0000000615000000| PB 0x0000000614c00000| Complete 
|  28|0x0000000615000000, 0x0000000615400000, 0x0000000615400000|100%|HS|  |TAMS 0x0000000615400000| PB 0x0000000615000000| Complete 
|  29|0x0000000615400000, 0x0000000615800000, 0x0000000615800000|100%|HC|  |TAMS 0x0000000615800000| PB 0x0000000615400000| Complete 
|  30|0x0000000615800000, 0x0000000615c00000, 0x0000000615c00000|100%|HS|  |TAMS 0x0000000615c00000| PB 0x0000000615800000| Complete 
|  31|0x0000000615c00000, 0x0000000616000000, 0x0000000616000000|100%|HC|  |TAMS 0x0000000616000000| PB 0x0000000615c00000| Complete 
|  32|0x0000000616000000, 0x0000000616400000, 0x0000000616400000|100%| O|  |TAMS 0x0000000616400000| PB 0x0000000616000000| Untracked 
|  33|0x0000000616400000, 0x0000000616800000, 0x0000000616800000|100%| O|  |TAMS 0x0000000616800000| PB 0x0000000616400000| Untracked 
|  34|0x0000000616800000, 0x0000000616c00000, 0x0000000616c00000|100%|HS|  |TAMS 0x0000000616c00000| PB 0x0000000616800000| Complete 
|  35|0x0000000616c00000, 0x0000000617000000, 0x0000000617000000|100%|HC|  |TAMS 0x0000000617000000| PB 0x0000000616c00000| Complete 
|  36|0x0000000617000000, 0x0000000617400000, 0x0000000617400000|100%|HS|  |TAMS 0x0000000617400000| PB 0x0000000617000000| Complete 
|  37|0x0000000617400000, 0x0000000617800000, 0x0000000617800000|100%|HC|  |TAMS 0x0000000617800000| PB 0x0000000617400000| Complete 
|  38|0x0000000617800000, 0x0000000617c00000, 0x0000000617c00000|100%| O|  |TAMS 0x0000000617c00000| PB 0x0000000617800000| Untracked 
|  39|0x0000000617c00000, 0x0000000618000000, 0x0000000618000000|100%|HS|  |TAMS 0x0000000618000000| PB 0x0000000617c00000| Complete 
|  40|0x0000000618000000, 0x0000000618400000, 0x0000000618400000|100%|HS|  |TAMS 0x0000000618400000| PB 0x0000000618000000| Complete 
|  41|0x0000000618400000, 0x0000000618800000, 0x0000000618800000|100%|HS|  |TAMS 0x0000000618800000| PB 0x0000000618400000| Complete 
|  42|0x0000000618800000, 0x0000000618c00000, 0x0000000618c00000|100%| O|  |TAMS 0x0000000618c00000| PB 0x0000000618800000| Untracked 
|  43|0x0000000618c00000, 0x0000000619000000, 0x0000000619000000|100%|HS|  |TAMS 0x0000000619000000| PB 0x0000000618c00000| Complete 
|  44|0x0000000619000000, 0x0000000619400000, 0x0000000619400000|100%|HC|  |TAMS 0x0000000619400000| PB 0x0000000619000000| Complete 
|  45|0x0000000619400000, 0x0000000619800000, 0x0000000619800000|100%|HC|  |TAMS 0x0000000619800000| PB 0x0000000619400000| Complete 
|  46|0x0000000619800000, 0x0000000619c00000, 0x0000000619c00000|100%|HC|  |TAMS 0x0000000619c00000| PB 0x0000000619800000| Complete 
|  47|0x0000000619c00000, 0x000000061a000000, 0x000000061a000000|100%|HC|  |TAMS 0x000000061a000000| PB 0x0000000619c00000| Complete 
|  48|0x000000061a000000, 0x000000061a400000, 0x000000061a400000|100%|HC|  |TAMS 0x000000061a400000| PB 0x000000061a000000| Complete 
|  49|0x000000061a400000, 0x000000061a800000, 0x000000061a800000|100%|HC|  |TAMS 0x000000061a800000| PB 0x000000061a400000| Complete 
|  50|0x000000061a800000, 0x000000061ac00000, 0x000000061ac00000|100%|HS|  |TAMS 0x000000061ac00000| PB 0x000000061a800000| Complete 
|  51|0x000000061ac00000, 0x000000061b000000, 0x000000061b000000|100%|HC|  |TAMS 0x000000061b000000| PB 0x000000061ac00000| Complete 
|  52|0x000000061b000000, 0x000000061b400000, 0x000000061b400000|100%| O|  |TAMS 0x000000061b400000| PB 0x000000061b000000| Untracked 
|  53|0x000000061b400000, 0x000000061b800000, 0x000000061b800000|100%| O|  |TAMS 0x000000061b800000| PB 0x000000061b400000| Untracked 
|  54|0x000000061b800000, 0x000000061bc00000, 0x000000061bc00000|100%|HS|  |TAMS 0x000000061bc00000| PB 0x000000061b800000| Complete 
|  55|0x000000061bc00000, 0x000000061c000000, 0x000000061c000000|100%|HC|  |TAMS 0x000000061c000000| PB 0x000000061bc00000| Complete 
|  56|0x000000061c000000, 0x000000061c400000, 0x000000061c400000|100%|HS|  |TAMS 0x000000061c400000| PB 0x000000061c000000| Complete 
|  57|0x000000061c400000, 0x000000061c800000, 0x000000061c800000|100%|HC|  |TAMS 0x000000061c800000| PB 0x000000061c400000| Complete 
|  58|0x000000061c800000, 0x000000061cc00000, 0x000000061cc00000|100%|HC|  |TAMS 0x000000061cc00000| PB 0x000000061c800000| Complete 
|  59|0x000000061cc00000, 0x000000061d000000, 0x000000061d000000|100%| O|  |TAMS 0x000000061d000000| PB 0x000000061cc00000| Untracked 
|  60|0x000000061d000000, 0x000000061d400000, 0x000000061d400000|100%| O|  |TAMS 0x000000061d400000| PB 0x000000061d000000| Untracked 
|  61|0x000000061d400000, 0x000000061d800000, 0x000000061d800000|100%| O|  |TAMS 0x000000061d800000| PB 0x000000061d400000| Untracked 
|  62|0x000000061d800000, 0x000000061dc00000, 0x000000061dc00000|100%| O|  |TAMS 0x000000061dc00000| PB 0x000000061d800000| Untracked 
|  63|0x000000061dc00000, 0x000000061e000000, 0x000000061e000000|100%| O|  |TAMS 0x000000061e000000| PB 0x000000061dc00000| Untracked 
|  64|0x000000061e000000, 0x000000061e400000, 0x000000061e400000|100%| O|  |TAMS 0x000000061e400000| PB 0x000000061e000000| Untracked 
|  65|0x000000061e400000, 0x000000061e800000, 0x000000061e800000|100%| O|  |TAMS 0x000000061e800000| PB 0x000000061e400000| Untracked 
|  66|0x000000061e800000, 0x000000061ec00000, 0x000000061ec00000|100%| O|  |TAMS 0x000000061ec00000| PB 0x000000061e800000| Untracked 
|  67|0x000000061ec00000, 0x000000061f000000, 0x000000061f000000|100%| O|  |TAMS 0x000000061f000000| PB 0x000000061ec00000| Untracked 
|  68|0x000000061f000000, 0x000000061f400000, 0x000000061f400000|100%| O|  |TAMS 0x000000061f400000| PB 0x000000061f000000| Untracked 
|  69|0x000000061f400000, 0x000000061f800000, 0x000000061f800000|100%| O|  |TAMS 0x000000061f800000| PB 0x000000061f400000| Untracked 
|  70|0x000000061f800000, 0x000000061fc00000, 0x000000061fc00000|100%| O|  |TAMS 0x000000061fc00000| PB 0x000000061f800000| Untracked 
|  71|0x000000061fc00000, 0x0000000620000000, 0x0000000620000000|100%| O|  |TAMS 0x0000000620000000| PB 0x000000061fc00000| Untracked 
|  72|0x0000000620000000, 0x0000000620400000, 0x0000000620400000|100%| O|  |TAMS 0x0000000620400000| PB 0x0000000620000000| Untracked 
|  73|0x0000000620400000, 0x0000000620800000, 0x0000000620800000|100%| O|  |TAMS 0x0000000620800000| PB 0x0000000620400000| Untracked 
|  74|0x0000000620800000, 0x0000000620c00000, 0x0000000620c00000|100%| O|  |TAMS 0x0000000620c00000| PB 0x0000000620800000| Untracked 
|  75|0x0000000620c00000, 0x0000000621000000, 0x0000000621000000|100%| O|  |TAMS 0x0000000621000000| PB 0x0000000620c00000| Untracked 
|  76|0x0000000621000000, 0x0000000621400000, 0x0000000621400000|100%| O|  |TAMS 0x0000000621400000| PB 0x0000000621000000| Untracked 
|  77|0x0000000621400000, 0x0000000621800000, 0x0000000621800000|100%| O|  |TAMS 0x0000000621800000| PB 0x0000000621400000| Untracked 
|  78|0x0000000621800000, 0x0000000621c00000, 0x0000000621c00000|100%| O|  |TAMS 0x0000000621c00000| PB 0x0000000621800000| Untracked 
|  79|0x0000000621c00000, 0x0000000622000000, 0x0000000622000000|100%| O|  |TAMS 0x0000000622000000| PB 0x0000000621c00000| Untracked 
|  80|0x0000000622000000, 0x0000000622400000, 0x0000000622400000|100%| O|  |TAMS 0x0000000622400000| PB 0x0000000622000000| Untracked 
|  81|0x0000000622400000, 0x0000000622800000, 0x0000000622800000|100%| O|  |TAMS 0x0000000622800000| PB 0x0000000622400000| Untracked 
|  82|0x0000000622800000, 0x0000000622c00000, 0x0000000622c00000|100%| O|  |TAMS 0x0000000622c00000| PB 0x0000000622800000| Untracked 
|  83|0x0000000622c00000, 0x0000000623000000, 0x0000000623000000|100%| O|  |TAMS 0x0000000623000000| PB 0x0000000622c00000| Untracked 
|  84|0x0000000623000000, 0x0000000623400000, 0x0000000623400000|100%| O|  |TAMS 0x0000000623400000| PB 0x0000000623000000| Untracked 
|  85|0x0000000623400000, 0x0000000623800000, 0x0000000623800000|100%| O|  |TAMS 0x0000000623800000| PB 0x0000000623400000| Untracked 
|  86|0x0000000623800000, 0x0000000623c00000, 0x0000000623c00000|100%| O|  |TAMS 0x0000000623c00000| PB 0x0000000623800000| Untracked 
|  87|0x0000000623c00000, 0x0000000624000000, 0x0000000624000000|100%| O|  |TAMS 0x0000000624000000| PB 0x0000000623c00000| Untracked 
|  88|0x0000000624000000, 0x0000000624400000, 0x0000000624400000|100%| O|  |TAMS 0x0000000624400000| PB 0x0000000624000000| Untracked 
|  89|0x0000000624400000, 0x0000000624800000, 0x0000000624800000|100%| O|  |TAMS 0x0000000624800000| PB 0x0000000624400000| Untracked 
|  90|0x0000000624800000, 0x0000000624c00000, 0x0000000624c00000|100%| O|  |TAMS 0x0000000624c00000| PB 0x0000000624800000| Untracked 
|  91|0x0000000624c00000, 0x0000000625000000, 0x0000000625000000|100%| O|  |TAMS 0x0000000625000000| PB 0x0000000624c00000| Untracked 
|  92|0x0000000625000000, 0x0000000625400000, 0x0000000625400000|100%| O|  |TAMS 0x0000000625400000| PB 0x0000000625000000| Untracked 
|  93|0x0000000625400000, 0x0000000625800000, 0x0000000625800000|100%| O|  |TAMS 0x0000000625800000| PB 0x0000000625400000| Untracked 
|  94|0x0000000625800000, 0x0000000625c00000, 0x0000000625c00000|100%| O|  |TAMS 0x0000000625c00000| PB 0x0000000625800000| Untracked 
|  95|0x0000000625c00000, 0x0000000626000000, 0x0000000626000000|100%| O|  |TAMS 0x0000000626000000| PB 0x0000000625c00000| Untracked 
|  96|0x0000000626000000, 0x0000000626400000, 0x0000000626400000|100%| O|  |TAMS 0x0000000626400000| PB 0x0000000626000000| Untracked 
|  97|0x0000000626400000, 0x0000000626800000, 0x0000000626800000|100%| O|  |TAMS 0x0000000626800000| PB 0x0000000626400000| Untracked 
|  98|0x0000000626800000, 0x0000000626c00000, 0x0000000626c00000|100%| O|  |TAMS 0x0000000626c00000| PB 0x0000000626800000| Untracked 
|  99|0x0000000626c00000, 0x0000000627000000, 0x0000000627000000|100%| O|  |TAMS 0x0000000627000000| PB 0x0000000626c00000| Untracked 
| 100|0x0000000627000000, 0x0000000627400000, 0x0000000627400000|100%| O|  |TAMS 0x0000000627400000| PB 0x0000000627000000| Untracked 
| 101|0x0000000627400000, 0x0000000627800000, 0x0000000627800000|100%| O|  |TAMS 0x0000000627800000| PB 0x0000000627400000| Untracked 
| 102|0x0000000627800000, 0x0000000627c00000, 0x0000000627c00000|100%| O|  |TAMS 0x0000000627c00000| PB 0x0000000627800000| Untracked 
| 103|0x0000000627c00000, 0x0000000628000000, 0x0000000628000000|100%| O|  |TAMS 0x0000000628000000| PB 0x0000000627c00000| Untracked 
| 104|0x0000000628000000, 0x0000000628400000, 0x0000000628400000|100%| O|  |TAMS 0x0000000628400000| PB 0x0000000628000000| Untracked 
| 105|0x0000000628400000, 0x0000000628800000, 0x0000000628800000|100%| O|  |TAMS 0x0000000628800000| PB 0x0000000628400000| Untracked 
| 106|0x0000000628800000, 0x0000000628c00000, 0x0000000628c00000|100%| O|  |TAMS 0x0000000628c00000| PB 0x0000000628800000| Untracked 
| 107|0x0000000628c00000, 0x0000000629000000, 0x0000000629000000|100%| O|  |TAMS 0x0000000629000000| PB 0x0000000628c00000| Untracked 
| 108|0x0000000629000000, 0x0000000629400000, 0x0000000629400000|100%| O|  |TAMS 0x0000000629400000| PB 0x0000000629000000| Untracked 
| 109|0x0000000629400000, 0x0000000629800000, 0x0000000629800000|100%| O|  |TAMS 0x0000000629800000| PB 0x0000000629400000| Untracked 
| 110|0x0000000629800000, 0x0000000629c00000, 0x0000000629c00000|100%| O|  |TAMS 0x0000000629c00000| PB 0x0000000629800000| Untracked 
| 111|0x0000000629c00000, 0x000000062a000000, 0x000000062a000000|100%| O|  |TAMS 0x000000062a000000| PB 0x0000000629c00000| Untracked 
| 112|0x000000062a000000, 0x000000062a400000, 0x000000062a400000|100%| O|  |TAMS 0x000000062a400000| PB 0x000000062a000000| Untracked 
| 113|0x000000062a400000, 0x000000062a800000, 0x000000062a800000|100%| O|  |TAMS 0x000000062a800000| PB 0x000000062a400000| Untracked 
| 114|0x000000062a800000, 0x000000062a864480, 0x000000062ac00000|  9%| O|  |TAMS 0x000000062a800000| PB 0x000000062a800000| Untracked 
| 115|0x000000062ac00000, 0x000000062b000000, 0x000000062b000000|100%| O|  |TAMS 0x000000062b000000| PB 0x000000062ac00000| Untracked 
| 116|0x000000062b000000, 0x000000062b400000, 0x000000062b400000|100%| O|  |TAMS 0x000000062b400000| PB 0x000000062b000000| Untracked 
| 117|0x000000062b400000, 0x000000062b800000, 0x000000062b800000|100%| O|  |TAMS 0x000000062b800000| PB 0x000000062b400000| Untracked 
| 118|0x000000062b800000, 0x000000062bc00000, 0x000000062bc00000|100%| O|  |TAMS 0x000000062bc00000| PB 0x000000062b800000| Untracked 
| 119|0x000000062bc00000, 0x000000062c000000, 0x000000062c000000|100%| O|  |TAMS 0x000000062c000000| PB 0x000000062bc00000| Untracked 
| 120|0x000000062c000000, 0x000000062c400000, 0x000000062c400000|100%| O|  |TAMS 0x000000062c400000| PB 0x000000062c000000| Untracked 
| 121|0x000000062c400000, 0x000000062c800000, 0x000000062c800000|100%| O|  |TAMS 0x000000062c800000| PB 0x000000062c400000| Untracked 
| 122|0x000000062c800000, 0x000000062cc00000, 0x000000062cc00000|100%| O|  |TAMS 0x000000062cc00000| PB 0x000000062c800000| Untracked 
| 123|0x000000062cc00000, 0x000000062d000000, 0x000000062d000000|100%| O|  |TAMS 0x000000062d000000| PB 0x000000062cc00000| Untracked 
| 124|0x000000062d000000, 0x000000062d400000, 0x000000062d400000|100%| O|  |TAMS 0x000000062d400000| PB 0x000000062d000000| Untracked 
| 125|0x000000062d400000, 0x000000062d800000, 0x000000062d800000|100%| O|  |TAMS 0x000000062d800000| PB 0x000000062d400000| Untracked 
| 126|0x000000062d800000, 0x000000062dc00000, 0x000000062dc00000|100%| O|  |TAMS 0x000000062dc00000| PB 0x000000062d800000| Untracked 
| 127|0x000000062dc00000, 0x000000062e000000, 0x000000062e000000|100%| O|  |TAMS 0x000000062e000000| PB 0x000000062dc00000| Untracked 
| 128|0x000000062e000000, 0x000000062e400000, 0x000000062e400000|100%| O|  |TAMS 0x000000062e400000| PB 0x000000062e000000| Untracked 
| 129|0x000000062e400000, 0x000000062e800000, 0x000000062e800000|100%| O|  |TAMS 0x000000062e800000| PB 0x000000062e400000| Untracked 
| 130|0x000000062e800000, 0x000000062ec00000, 0x000000062ec00000|100%| O|  |TAMS 0x000000062ec00000| PB 0x000000062e800000| Untracked 
| 131|0x000000062ec00000, 0x000000062f000000, 0x000000062f000000|100%| O|  |TAMS 0x000000062f000000| PB 0x000000062ec00000| Untracked 
| 132|0x000000062f000000, 0x000000062f400000, 0x000000062f400000|100%| O|  |TAMS 0x000000062f400000| PB 0x000000062f000000| Untracked 
| 133|0x000000062f400000, 0x000000062f800000, 0x000000062f800000|100%| O|  |TAMS 0x000000062f800000| PB 0x000000062f400000| Untracked 
| 134|0x000000062f800000, 0x000000062fc00000, 0x000000062fc00000|100%| O|  |TAMS 0x000000062fc00000| PB 0x000000062f800000| Untracked 
| 135|0x000000062fc00000, 0x0000000630000000, 0x0000000630000000|100%| O|  |TAMS 0x0000000630000000| PB 0x000000062fc00000| Untracked 
| 136|0x0000000630000000, 0x0000000630400000, 0x0000000630400000|100%| O|  |TAMS 0x0000000630400000| PB 0x0000000630000000| Untracked 
| 137|0x0000000630400000, 0x0000000630800000, 0x0000000630800000|100%| O|  |TAMS 0x0000000630800000| PB 0x0000000630400000| Untracked 
| 138|0x0000000630800000, 0x0000000630c00000, 0x0000000630c00000|100%| O|  |TAMS 0x0000000630c00000| PB 0x0000000630800000| Untracked 
| 139|0x0000000630c00000, 0x0000000631000000, 0x0000000631000000|100%| O|  |TAMS 0x0000000631000000| PB 0x0000000630c00000| Untracked 
| 140|0x0000000631000000, 0x0000000631400000, 0x0000000631400000|100%| O|  |TAMS 0x0000000631400000| PB 0x0000000631000000| Untracked 
| 141|0x0000000631400000, 0x0000000631800000, 0x0000000631800000|100%| O|  |TAMS 0x0000000631800000| PB 0x0000000631400000| Untracked 
| 142|0x0000000631800000, 0x0000000631c00000, 0x0000000631c00000|100%| O|  |TAMS 0x0000000631c00000| PB 0x0000000631800000| Untracked 
| 143|0x0000000631c00000, 0x0000000632000000, 0x0000000632000000|100%| O|  |TAMS 0x0000000632000000| PB 0x0000000631c00000| Untracked 
| 144|0x0000000632000000, 0x0000000632400000, 0x0000000632400000|100%| O|  |TAMS 0x0000000632400000| PB 0x0000000632000000| Untracked 
| 145|0x0000000632400000, 0x0000000632800000, 0x0000000632800000|100%| O|  |TAMS 0x0000000632800000| PB 0x0000000632400000| Untracked 
| 146|0x0000000632800000, 0x0000000632c00000, 0x0000000632c00000|100%| O|  |TAMS 0x0000000632c00000| PB 0x0000000632800000| Untracked 
| 147|0x0000000632c00000, 0x0000000633000000, 0x0000000633000000|100%| O|  |TAMS 0x0000000633000000| PB 0x0000000632c00000| Untracked 
| 148|0x0000000633000000, 0x0000000633400000, 0x0000000633400000|100%| O|  |TAMS 0x0000000633400000| PB 0x0000000633000000| Untracked 
| 149|0x0000000633400000, 0x0000000633800000, 0x0000000633800000|100%| O|  |TAMS 0x0000000633800000| PB 0x0000000633400000| Untracked 
| 150|0x0000000633800000, 0x0000000633c00000, 0x0000000633c00000|100%| O|  |TAMS 0x0000000633c00000| PB 0x0000000633800000| Untracked 
| 151|0x0000000633c00000, 0x0000000634000000, 0x0000000634000000|100%| O|  |TAMS 0x0000000634000000| PB 0x0000000633c00000| Untracked 
| 152|0x0000000634000000, 0x0000000634400000, 0x0000000634400000|100%| O|  |TAMS 0x0000000634400000| PB 0x0000000634000000| Untracked 
| 153|0x0000000634400000, 0x0000000634800000, 0x0000000634800000|100%| O|  |TAMS 0x0000000634800000| PB 0x0000000634400000| Untracked 
| 154|0x0000000634800000, 0x0000000634c00000, 0x0000000634c00000|100%| O|  |TAMS 0x0000000634c00000| PB 0x0000000634800000| Untracked 
| 155|0x0000000634c00000, 0x0000000635000000, 0x0000000635000000|100%| O|  |TAMS 0x0000000635000000| PB 0x0000000634c00000| Untracked 
| 156|0x0000000635000000, 0x0000000635400000, 0x0000000635400000|100%| O|  |TAMS 0x0000000635400000| PB 0x0000000635000000| Untracked 
| 157|0x0000000635400000, 0x0000000635800000, 0x0000000635800000|100%| O|  |TAMS 0x0000000635800000| PB 0x0000000635400000| Untracked 
| 158|0x0000000635800000, 0x0000000635c00000, 0x0000000635c00000|100%| O|  |TAMS 0x0000000635c00000| PB 0x0000000635800000| Untracked 
| 159|0x0000000635c00000, 0x0000000636000000, 0x0000000636000000|100%| O|  |TAMS 0x0000000636000000| PB 0x0000000635c00000| Untracked 
| 160|0x0000000636000000, 0x0000000636400000, 0x0000000636400000|100%| O|  |TAMS 0x0000000636400000| PB 0x0000000636000000| Untracked 
| 161|0x0000000636400000, 0x0000000636400000, 0x0000000636800000|  0%| F|  |TAMS 0x0000000636400000| PB 0x0000000636400000| Untracked 
| 162|0x0000000636800000, 0x0000000636c00000, 0x0000000636c00000|100%| O|  |TAMS 0x0000000636c00000| PB 0x0000000636800000| Untracked 
| 163|0x0000000636c00000, 0x0000000637000000, 0x0000000637000000|100%| O|  |TAMS 0x0000000637000000| PB 0x0000000636c00000| Untracked 
| 164|0x0000000637000000, 0x0000000637400000, 0x0000000637400000|100%| O|  |TAMS 0x0000000637400000| PB 0x0000000637000000| Untracked 
| 165|0x0000000637400000, 0x0000000637800000, 0x0000000637800000|100%|HS|  |TAMS 0x0000000637800000| PB 0x0000000637400000| Complete 
| 166|0x0000000637800000, 0x0000000637c00000, 0x0000000637c00000|100%|HC|  |TAMS 0x0000000637c00000| PB 0x0000000637800000| Complete 
| 167|0x0000000637c00000, 0x0000000638000000, 0x0000000638000000|100%| O|  |TAMS 0x0000000638000000| PB 0x0000000637c00000| Untracked 
| 168|0x0000000638000000, 0x0000000638400000, 0x0000000638400000|100%| O|  |TAMS 0x0000000638400000| PB 0x0000000638000000| Untracked 
| 169|0x0000000638400000, 0x0000000638800000, 0x0000000638800000|100%| O|  |TAMS 0x0000000638800000| PB 0x0000000638400000| Untracked 
| 170|0x0000000638800000, 0x0000000638c00000, 0x0000000638c00000|100%| O|  |TAMS 0x0000000638c00000| PB 0x0000000638800000| Untracked 
| 171|0x0000000638c00000, 0x0000000639000000, 0x0000000639000000|100%| O|  |TAMS 0x0000000639000000| PB 0x0000000638c00000| Untracked 
| 172|0x0000000639000000, 0x0000000639400000, 0x0000000639400000|100%| O|  |TAMS 0x0000000639400000| PB 0x0000000639000000| Untracked 
| 173|0x0000000639400000, 0x0000000639800000, 0x0000000639800000|100%| O|  |TAMS 0x0000000639800000| PB 0x0000000639400000| Untracked 
| 174|0x0000000639800000, 0x0000000639c00000, 0x0000000639c00000|100%|HS|  |TAMS 0x0000000639c00000| PB 0x0000000639800000| Complete 
| 175|0x0000000639c00000, 0x000000063a000000, 0x000000063a000000|100%|HC|  |TAMS 0x000000063a000000| PB 0x0000000639c00000| Complete 
| 176|0x000000063a000000, 0x000000063a400000, 0x000000063a400000|100%| O|  |TAMS 0x000000063a400000| PB 0x000000063a000000| Untracked 
| 177|0x000000063a400000, 0x000000063a800000, 0x000000063a800000|100%| O|  |TAMS 0x000000063a800000| PB 0x000000063a400000| Untracked 
| 178|0x000000063a800000, 0x000000063ac00000, 0x000000063ac00000|100%| O|  |TAMS 0x000000063ac00000| PB 0x000000063a800000| Untracked 
| 179|0x000000063ac00000, 0x000000063b000000, 0x000000063b000000|100%| O|  |TAMS 0x000000063b000000| PB 0x000000063ac00000| Untracked 
| 180|0x000000063b000000, 0x000000063b400000, 0x000000063b400000|100%| O|  |TAMS 0x000000063b400000| PB 0x000000063b000000| Untracked 
| 181|0x000000063b400000, 0x000000063b800000, 0x000000063b800000|100%| O|  |TAMS 0x000000063b800000| PB 0x000000063b400000| Untracked 
| 182|0x000000063b800000, 0x000000063bc00000, 0x000000063bc00000|100%| O|  |TAMS 0x000000063bc00000| PB 0x000000063b800000| Untracked 
| 183|0x000000063bc00000, 0x000000063c000000, 0x000000063c000000|100%| O|  |TAMS 0x000000063c000000| PB 0x000000063bc00000| Untracked 
| 184|0x000000063c000000, 0x000000063c400000, 0x000000063c400000|100%| O|  |TAMS 0x000000063c400000| PB 0x000000063c000000| Untracked 
| 185|0x000000063c400000, 0x000000063c800000, 0x000000063c800000|100%| O|  |TAMS 0x000000063c800000| PB 0x000000063c400000| Untracked 
| 186|0x000000063c800000, 0x000000063cc00000, 0x000000063cc00000|100%| O|  |TAMS 0x000000063cc00000| PB 0x000000063c800000| Untracked 
| 187|0x000000063cc00000, 0x000000063d000000, 0x000000063d000000|100%| O|  |TAMS 0x000000063d000000| PB 0x000000063cc00000| Untracked 
| 188|0x000000063d000000, 0x000000063d400000, 0x000000063d400000|100%| O|  |TAMS 0x000000063d400000| PB 0x000000063d000000| Untracked 
| 189|0x000000063d400000, 0x000000063d800000, 0x000000063d800000|100%| O|  |TAMS 0x000000063d800000| PB 0x000000063d400000| Untracked 
| 190|0x000000063d800000, 0x000000063dc00000, 0x000000063dc00000|100%| O|  |TAMS 0x000000063dc00000| PB 0x000000063d800000| Untracked 
| 191|0x000000063dc00000, 0x000000063e000000, 0x000000063e000000|100%| O|  |TAMS 0x000000063e000000| PB 0x000000063dc00000| Untracked 
| 192|0x000000063e000000, 0x000000063e400000, 0x000000063e400000|100%| O|  |TAMS 0x000000063e400000| PB 0x000000063e000000| Untracked 
| 193|0x000000063e400000, 0x000000063e800000, 0x000000063e800000|100%| O|  |TAMS 0x000000063e800000| PB 0x000000063e400000| Untracked 
| 194|0x000000063e800000, 0x000000063ec00000, 0x000000063ec00000|100%| O|  |TAMS 0x000000063ec00000| PB 0x000000063e800000| Untracked 
| 195|0x000000063ec00000, 0x000000063f000000, 0x000000063f000000|100%| O|  |TAMS 0x000000063f000000| PB 0x000000063ec00000| Untracked 
| 196|0x000000063f000000, 0x000000063f400000, 0x000000063f400000|100%| O|  |TAMS 0x000000063f400000| PB 0x000000063f000000| Untracked 
| 197|0x000000063f400000, 0x000000063f800000, 0x000000063f800000|100%| O|  |TAMS 0x000000063f800000| PB 0x000000063f400000| Untracked 
| 198|0x000000063f800000, 0x000000063fc00000, 0x000000063fc00000|100%| O|  |TAMS 0x000000063fc00000| PB 0x000000063f800000| Untracked 
| 199|0x000000063fc00000, 0x000000063fc00000, 0x0000000640000000|  0%| F|  |TAMS 0x000000063fc00000| PB 0x000000063fc00000| Untracked 
| 200|0x0000000640000000, 0x0000000640400000, 0x0000000640400000|100%| O|  |TAMS 0x0000000640400000| PB 0x0000000640000000| Untracked 
| 201|0x0000000640400000, 0x0000000640800000, 0x0000000640800000|100%| O|  |TAMS 0x0000000640800000| PB 0x0000000640400000| Untracked 
| 202|0x0000000640800000, 0x0000000640c00000, 0x0000000640c00000|100%| O|  |TAMS 0x0000000640c00000| PB 0x0000000640800000| Untracked 
| 203|0x0000000640c00000, 0x0000000641000000, 0x0000000641000000|100%| O|  |TAMS 0x0000000641000000| PB 0x0000000640c00000| Untracked 
| 204|0x0000000641000000, 0x0000000641400000, 0x0000000641400000|100%| O|  |TAMS 0x0000000641177000| PB 0x0000000641000000| Untracked 
| 205|0x0000000641400000, 0x0000000641400000, 0x0000000641800000|  0%| F|  |TAMS 0x0000000641400000| PB 0x0000000641400000| Untracked 
| 206|0x0000000641800000, 0x0000000641800000, 0x0000000641c00000|  0%| F|  |TAMS 0x0000000641800000| PB 0x0000000641800000| Untracked 
| 207|0x0000000641c00000, 0x0000000642000000, 0x0000000642000000|100%| O|  |TAMS 0x0000000642000000| PB 0x0000000641c00000| Untracked 
| 208|0x0000000642000000, 0x0000000642400000, 0x0000000642400000|100%| O|  |TAMS 0x0000000642400000| PB 0x0000000642000000| Untracked 
| 209|0x0000000642400000, 0x0000000642800000, 0x0000000642800000|100%| O|  |TAMS 0x0000000642800000| PB 0x0000000642400000| Untracked 
| 210|0x0000000642800000, 0x0000000642c00000, 0x0000000642c00000|100%| O|  |TAMS 0x0000000642c00000| PB 0x0000000642800000| Untracked 
| 211|0x0000000642c00000, 0x0000000643000000, 0x0000000643000000|100%| O|  |TAMS 0x0000000643000000| PB 0x0000000642c00000| Untracked 
| 212|0x0000000643000000, 0x0000000643400000, 0x0000000643400000|100%| O|  |TAMS 0x0000000643400000| PB 0x0000000643000000| Untracked 
| 213|0x0000000643400000, 0x0000000643800000, 0x0000000643800000|100%| O|  |TAMS 0x0000000643800000| PB 0x0000000643400000| Untracked 
| 214|0x0000000643800000, 0x0000000643c00000, 0x0000000643c00000|100%| O|  |TAMS 0x0000000643c00000| PB 0x0000000643800000| Untracked 
| 215|0x0000000643c00000, 0x0000000644000000, 0x0000000644000000|100%| O|  |TAMS 0x0000000644000000| PB 0x0000000643c00000| Untracked 
| 216|0x0000000644000000, 0x0000000644400000, 0x0000000644400000|100%| O|  |TAMS 0x0000000644400000| PB 0x0000000644000000| Untracked 
| 217|0x0000000644400000, 0x0000000644400000, 0x0000000644800000|  0%| F|  |TAMS 0x0000000644400000| PB 0x0000000644400000| Untracked 
| 218|0x0000000644800000, 0x0000000644800000, 0x0000000644c00000|  0%| F|  |TAMS 0x0000000644800000| PB 0x0000000644800000| Untracked 
| 219|0x0000000644c00000, 0x0000000644c00000, 0x0000000645000000|  0%| F|  |TAMS 0x0000000644c00000| PB 0x0000000644c00000| Untracked 
| 220|0x0000000645000000, 0x0000000645000000, 0x0000000645400000|  0%| F|  |TAMS 0x0000000645000000| PB 0x0000000645000000| Untracked 
| 221|0x0000000645400000, 0x0000000645400000, 0x0000000645800000|  0%| F|  |TAMS 0x0000000645400000| PB 0x0000000645400000| Untracked 
| 222|0x0000000645800000, 0x0000000645800000, 0x0000000645c00000|  0%| F|  |TAMS 0x0000000645800000| PB 0x0000000645800000| Untracked 
| 223|0x0000000645c00000, 0x0000000646000000, 0x0000000646000000|100%| O|  |TAMS 0x0000000646000000| PB 0x0000000645c00000| Untracked 
| 224|0x0000000646000000, 0x0000000646000000, 0x0000000646400000|  0%| F|  |TAMS 0x0000000646000000| PB 0x0000000646000000| Untracked 
| 225|0x0000000646400000, 0x0000000646400000, 0x0000000646800000|  0%| F|  |TAMS 0x0000000646400000| PB 0x0000000646400000| Untracked 
| 226|0x0000000646800000, 0x0000000646800000, 0x0000000646c00000|  0%| F|  |TAMS 0x0000000646800000| PB 0x0000000646800000| Untracked 
| 227|0x0000000646c00000, 0x0000000646c00000, 0x0000000647000000|  0%| F|  |TAMS 0x0000000646c00000| PB 0x0000000646c00000| Untracked 
| 228|0x0000000647000000, 0x0000000647000000, 0x0000000647400000|  0%| F|  |TAMS 0x0000000647000000| PB 0x0000000647000000| Untracked 
| 229|0x0000000647400000, 0x0000000647400000, 0x0000000647800000|  0%| F|  |TAMS 0x0000000647400000| PB 0x0000000647400000| Untracked 
| 230|0x0000000647800000, 0x0000000647800000, 0x0000000647c00000|  0%| F|  |TAMS 0x0000000647800000| PB 0x0000000647800000| Untracked 
| 231|0x0000000647c00000, 0x0000000647c00000, 0x0000000648000000|  0%| F|  |TAMS 0x0000000647c00000| PB 0x0000000647c00000| Untracked 
| 232|0x0000000648000000, 0x0000000648000000, 0x0000000648400000|  0%| F|  |TAMS 0x0000000648000000| PB 0x0000000648000000| Untracked 
| 233|0x0000000648400000, 0x0000000648400000, 0x0000000648800000|  0%| F|  |TAMS 0x0000000648400000| PB 0x0000000648400000| Untracked 
| 234|0x0000000648800000, 0x0000000648800000, 0x0000000648c00000|  0%| F|  |TAMS 0x0000000648800000| PB 0x0000000648800000| Untracked 
| 235|0x0000000648c00000, 0x0000000648c00000, 0x0000000649000000|  0%| F|  |TAMS 0x0000000648c00000| PB 0x0000000648c00000| Untracked 
| 236|0x0000000649000000, 0x0000000649000000, 0x0000000649400000|  0%| F|  |TAMS 0x0000000649000000| PB 0x0000000649000000| Untracked 
| 237|0x0000000649400000, 0x0000000649400000, 0x0000000649800000|  0%| F|  |TAMS 0x0000000649400000| PB 0x0000000649400000| Untracked 
| 238|0x0000000649800000, 0x0000000649800000, 0x0000000649c00000|  0%| F|  |TAMS 0x0000000649800000| PB 0x0000000649800000| Untracked 
| 239|0x0000000649c00000, 0x0000000649c00000, 0x000000064a000000|  0%| F|  |TAMS 0x0000000649c00000| PB 0x0000000649c00000| Untracked 
| 240|0x000000064a000000, 0x000000064a000000, 0x000000064a400000|  0%| F|  |TAMS 0x000000064a000000| PB 0x000000064a000000| Untracked 
| 241|0x000000064a400000, 0x000000064a400000, 0x000000064a800000|  0%| F|  |TAMS 0x000000064a400000| PB 0x000000064a400000| Untracked 
| 242|0x000000064a800000, 0x000000064a800000, 0x000000064ac00000|  0%| F|  |TAMS 0x000000064a800000| PB 0x000000064a800000| Untracked 
| 243|0x000000064ac00000, 0x000000064ac00000, 0x000000064b000000|  0%| F|  |TAMS 0x000000064ac00000| PB 0x000000064ac00000| Untracked 
| 244|0x000000064b000000, 0x000000064b000000, 0x000000064b400000|  0%| F|  |TAMS 0x000000064b000000| PB 0x000000064b000000| Untracked 
| 245|0x000000064b400000, 0x000000064b400000, 0x000000064b800000|  0%| F|  |TAMS 0x000000064b400000| PB 0x000000064b400000| Untracked 
| 246|0x000000064b800000, 0x000000064b800000, 0x000000064bc00000|  0%| F|  |TAMS 0x000000064b800000| PB 0x000000064b800000| Untracked 
| 247|0x000000064bc00000, 0x000000064bc00000, 0x000000064c000000|  0%| F|  |TAMS 0x000000064bc00000| PB 0x000000064bc00000| Untracked 
| 248|0x000000064c000000, 0x000000064c000000, 0x000000064c400000|  0%| F|  |TAMS 0x000000064c000000| PB 0x000000064c000000| Untracked 
| 249|0x000000064c400000, 0x000000064c400000, 0x000000064c800000|  0%| F|  |TAMS 0x000000064c400000| PB 0x000000064c400000| Untracked 
| 250|0x000000064c800000, 0x000000064c800000, 0x000000064cc00000|  0%| F|  |TAMS 0x000000064c800000| PB 0x000000064c800000| Untracked 
| 251|0x000000064cc00000, 0x000000064cc00000, 0x000000064d000000|  0%| F|  |TAMS 0x000000064cc00000| PB 0x000000064cc00000| Untracked 
| 252|0x000000064d000000, 0x000000064d000000, 0x000000064d400000|  0%| F|  |TAMS 0x000000064d000000| PB 0x000000064d000000| Untracked 
| 253|0x000000064d400000, 0x000000064d400000, 0x000000064d800000|  0%| F|  |TAMS 0x000000064d400000| PB 0x000000064d400000| Untracked 
| 254|0x000000064d800000, 0x000000064d800000, 0x000000064dc00000|  0%| F|  |TAMS 0x000000064d800000| PB 0x000000064d800000| Untracked 
| 255|0x000000064dc00000, 0x000000064dc00000, 0x000000064e000000|  0%| F|  |TAMS 0x000000064dc00000| PB 0x000000064dc00000| Untracked 
| 256|0x000000064e000000, 0x000000064e000000, 0x000000064e400000|  0%| F|  |TAMS 0x000000064e000000| PB 0x000000064e000000| Untracked 
| 257|0x000000064e400000, 0x000000064e400000, 0x000000064e800000|  0%| F|  |TAMS 0x000000064e400000| PB 0x000000064e400000| Untracked 
| 258|0x000000064e800000, 0x000000064e800000, 0x000000064ec00000|  0%| F|  |TAMS 0x000000064e800000| PB 0x000000064e800000| Untracked 
| 259|0x000000064ec00000, 0x000000064ec00000, 0x000000064f000000|  0%| F|  |TAMS 0x000000064ec00000| PB 0x000000064ec00000| Untracked 
| 260|0x000000064f000000, 0x000000064f000000, 0x000000064f400000|  0%| F|  |TAMS 0x000000064f000000| PB 0x000000064f000000| Untracked 
| 261|0x000000064f400000, 0x000000064f400000, 0x000000064f800000|  0%| F|  |TAMS 0x000000064f400000| PB 0x000000064f400000| Untracked 
| 262|0x000000064f800000, 0x000000064f800000, 0x000000064fc00000|  0%| F|  |TAMS 0x000000064f800000| PB 0x000000064f800000| Untracked 
| 263|0x000000064fc00000, 0x000000064fc00000, 0x0000000650000000|  0%| F|  |TAMS 0x000000064fc00000| PB 0x000000064fc00000| Untracked 
| 264|0x0000000650000000, 0x0000000650000000, 0x0000000650400000|  0%| F|  |TAMS 0x0000000650000000| PB 0x0000000650000000| Untracked 
| 265|0x0000000650400000, 0x0000000650400000, 0x0000000650800000|  0%| F|  |TAMS 0x0000000650400000| PB 0x0000000650400000| Untracked 
| 266|0x0000000650800000, 0x0000000650800000, 0x0000000650c00000|  0%| F|  |TAMS 0x0000000650800000| PB 0x0000000650800000| Untracked 
| 267|0x0000000650c00000, 0x0000000650c00000, 0x0000000651000000|  0%| F|  |TAMS 0x0000000650c00000| PB 0x0000000650c00000| Untracked 
| 268|0x0000000651000000, 0x0000000651000000, 0x0000000651400000|  0%| F|  |TAMS 0x0000000651000000| PB 0x0000000651000000| Untracked 
| 269|0x0000000651400000, 0x0000000651400000, 0x0000000651800000|  0%| F|  |TAMS 0x0000000651400000| PB 0x0000000651400000| Untracked 
| 270|0x0000000651800000, 0x0000000651800000, 0x0000000651c00000|  0%| F|  |TAMS 0x0000000651800000| PB 0x0000000651800000| Untracked 
| 271|0x0000000651c00000, 0x0000000651c00000, 0x0000000652000000|  0%| F|  |TAMS 0x0000000651c00000| PB 0x0000000651c00000| Untracked 
| 272|0x0000000652000000, 0x0000000652000000, 0x0000000652400000|  0%| F|  |TAMS 0x0000000652000000| PB 0x0000000652000000| Untracked 
| 273|0x0000000652400000, 0x0000000652400000, 0x0000000652800000|  0%| F|  |TAMS 0x0000000652400000| PB 0x0000000652400000| Untracked 
| 274|0x0000000652800000, 0x0000000652800000, 0x0000000652c00000|  0%| F|  |TAMS 0x0000000652800000| PB 0x0000000652800000| Untracked 
| 275|0x0000000652c00000, 0x0000000652c00000, 0x0000000653000000|  0%| F|  |TAMS 0x0000000652c00000| PB 0x0000000652c00000| Untracked 
| 276|0x0000000653000000, 0x0000000653000000, 0x0000000653400000|  0%| F|  |TAMS 0x0000000653000000| PB 0x0000000653000000| Untracked 
| 277|0x0000000653400000, 0x0000000653400000, 0x0000000653800000|  0%| F|  |TAMS 0x0000000653400000| PB 0x0000000653400000| Untracked 
| 278|0x0000000653800000, 0x0000000653800000, 0x0000000653c00000|  0%| F|  |TAMS 0x0000000653800000| PB 0x0000000653800000| Untracked 
| 279|0x0000000653c00000, 0x0000000653c00000, 0x0000000654000000|  0%| F|  |TAMS 0x0000000653c00000| PB 0x0000000653c00000| Untracked 
| 280|0x0000000654000000, 0x0000000654000000, 0x0000000654400000|  0%| F|  |TAMS 0x0000000654000000| PB 0x0000000654000000| Untracked 
| 281|0x0000000654400000, 0x0000000654400000, 0x0000000654800000|  0%| F|  |TAMS 0x0000000654400000| PB 0x0000000654400000| Untracked 
| 282|0x0000000654800000, 0x0000000654be0c58, 0x0000000654c00000| 96%| S|CS|TAMS 0x0000000654800000| PB 0x0000000654800000| Complete 
| 283|0x0000000654c00000, 0x0000000655000000, 0x0000000655000000|100%| S|CS|TAMS 0x0000000654c00000| PB 0x0000000654c00000| Complete 
| 284|0x0000000655000000, 0x0000000655400000, 0x0000000655400000|100%| S|CS|TAMS 0x0000000655000000| PB 0x0000000655000000| Complete 
| 285|0x0000000655400000, 0x0000000655800000, 0x0000000655800000|100%| S|CS|TAMS 0x0000000655400000| PB 0x0000000655400000| Complete 
| 286|0x0000000655800000, 0x0000000655c00000, 0x0000000655c00000|100%| S|CS|TAMS 0x0000000655800000| PB 0x0000000655800000| Complete 
| 287|0x0000000655c00000, 0x0000000656000000, 0x0000000656000000|100%| S|CS|TAMS 0x0000000655c00000| PB 0x0000000655c00000| Complete 
| 288|0x0000000656000000, 0x0000000656400000, 0x0000000656400000|100%| S|CS|TAMS 0x0000000656000000| PB 0x0000000656000000| Complete 
| 289|0x0000000656400000, 0x0000000656800000, 0x0000000656800000|100%| S|CS|TAMS 0x0000000656400000| PB 0x0000000656400000| Complete 
| 290|0x0000000656800000, 0x0000000656c00000, 0x0000000656c00000|100%| S|CS|TAMS 0x0000000656800000| PB 0x0000000656800000| Complete 
| 291|0x0000000656c00000, 0x0000000656c00000, 0x0000000657000000|  0%| F|  |TAMS 0x0000000656c00000| PB 0x0000000656c00000| Untracked 
| 292|0x0000000657000000, 0x0000000657400000, 0x0000000657400000|100%| S|CS|TAMS 0x0000000657000000| PB 0x0000000657000000| Complete 
| 293|0x0000000657400000, 0x0000000657800000, 0x0000000657800000|100%| S|CS|TAMS 0x0000000657400000| PB 0x0000000657400000| Complete 
| 294|0x0000000657800000, 0x0000000657c00000, 0x0000000657c00000|100%| S|CS|TAMS 0x0000000657800000| PB 0x0000000657800000| Complete 
| 295|0x0000000657c00000, 0x0000000658000000, 0x0000000658000000|100%| S|CS|TAMS 0x0000000657c00000| PB 0x0000000657c00000| Complete 
| 296|0x0000000658000000, 0x0000000658400000, 0x0000000658400000|100%| S|CS|TAMS 0x0000000658000000| PB 0x0000000658000000| Complete 
| 297|0x0000000658400000, 0x0000000658800000, 0x0000000658800000|100%| S|CS|TAMS 0x0000000658400000| PB 0x0000000658400000| Complete 
| 298|0x0000000658800000, 0x0000000658c00000, 0x0000000658c00000|100%| S|CS|TAMS 0x0000000658800000| PB 0x0000000658800000| Complete 
| 299|0x0000000658c00000, 0x0000000659000000, 0x0000000659000000|100%| S|CS|TAMS 0x0000000658c00000| PB 0x0000000658c00000| Complete 
| 300|0x0000000659000000, 0x0000000659400000, 0x0000000659400000|100%| S|CS|TAMS 0x0000000659000000| PB 0x0000000659000000| Complete 
| 301|0x0000000659400000, 0x0000000659800000, 0x0000000659800000|100%| S|CS|TAMS 0x0000000659400000| PB 0x0000000659400000| Complete 
| 302|0x0000000659800000, 0x0000000659c00000, 0x0000000659c00000|100%| S|CS|TAMS 0x0000000659800000| PB 0x0000000659800000| Complete 
| 303|0x0000000659c00000, 0x0000000659c00000, 0x000000065a000000|  0%| F|  |TAMS 0x0000000659c00000| PB 0x0000000659c00000| Untracked 
| 304|0x000000065a000000, 0x000000065a000000, 0x000000065a400000|  0%| F|  |TAMS 0x000000065a000000| PB 0x000000065a000000| Untracked 
| 305|0x000000065a400000, 0x000000065a400000, 0x000000065a800000|  0%| F|  |TAMS 0x000000065a400000| PB 0x000000065a400000| Untracked 
| 306|0x000000065a800000, 0x000000065a800000, 0x000000065ac00000|  0%| F|  |TAMS 0x000000065a800000| PB 0x000000065a800000| Untracked 
| 307|0x000000065ac00000, 0x000000065ac00000, 0x000000065b000000|  0%| F|  |TAMS 0x000000065ac00000| PB 0x000000065ac00000| Untracked 
| 308|0x000000065b000000, 0x000000065b000000, 0x000000065b400000|  0%| F|  |TAMS 0x000000065b000000| PB 0x000000065b000000| Untracked 
| 309|0x000000065b400000, 0x000000065b800000, 0x000000065b800000|100%| S|CS|TAMS 0x000000065b400000| PB 0x000000065b400000| Complete 
| 310|0x000000065b800000, 0x000000065bc00000, 0x000000065bc00000|100%| S|CS|TAMS 0x000000065b800000| PB 0x000000065b800000| Complete 
| 311|0x000000065bc00000, 0x000000065c000000, 0x000000065c000000|100%| S|CS|TAMS 0x000000065bc00000| PB 0x000000065bc00000| Complete 
| 312|0x000000065c000000, 0x000000065c400000, 0x000000065c400000|100%| S|CS|TAMS 0x000000065c000000| PB 0x000000065c000000| Complete 
| 313|0x000000065c400000, 0x000000065c800000, 0x000000065c800000|100%| S|CS|TAMS 0x000000065c400000| PB 0x000000065c400000| Complete 
| 314|0x000000065c800000, 0x000000065cc00000, 0x000000065cc00000|100%| S|CS|TAMS 0x000000065c800000| PB 0x000000065c800000| Complete 
| 315|0x000000065cc00000, 0x000000065cc00000, 0x000000065d000000|  0%| F|  |TAMS 0x000000065cc00000| PB 0x000000065cc00000| Untracked 
| 316|0x000000065d000000, 0x000000065d000000, 0x000000065d400000|  0%| F|  |TAMS 0x000000065d000000| PB 0x000000065d000000| Untracked 
| 317|0x000000065d400000, 0x000000065d400000, 0x000000065d800000|  0%| F|  |TAMS 0x000000065d400000| PB 0x000000065d400000| Untracked 
| 318|0x000000065d800000, 0x000000065d800000, 0x000000065dc00000|  0%| F|  |TAMS 0x000000065d800000| PB 0x000000065d800000| Untracked 
| 319|0x000000065dc00000, 0x000000065dc00000, 0x000000065e000000|  0%| F|  |TAMS 0x000000065dc00000| PB 0x000000065dc00000| Untracked 
| 320|0x000000065e000000, 0x000000065e000000, 0x000000065e400000|  0%| F|  |TAMS 0x000000065e000000| PB 0x000000065e000000| Untracked 
| 321|0x000000065e400000, 0x000000065e400000, 0x000000065e800000|  0%| F|  |TAMS 0x000000065e400000| PB 0x000000065e400000| Untracked 
| 322|0x000000065e800000, 0x000000065e800000, 0x000000065ec00000|  0%| F|  |TAMS 0x000000065e800000| PB 0x000000065e800000| Untracked 
| 323|0x000000065ec00000, 0x000000065ec00000, 0x000000065f000000|  0%| F|  |TAMS 0x000000065ec00000| PB 0x000000065ec00000| Untracked 
| 324|0x000000065f000000, 0x000000065f000000, 0x000000065f400000|  0%| F|  |TAMS 0x000000065f000000| PB 0x000000065f000000| Untracked 
| 325|0x000000065f400000, 0x000000065f400000, 0x000000065f800000|  0%| F|  |TAMS 0x000000065f400000| PB 0x000000065f400000| Untracked 
| 326|0x000000065f800000, 0x000000065fc00000, 0x000000065fc00000|100%| S|CS|TAMS 0x000000065f800000| PB 0x000000065f800000| Complete 
| 327|0x000000065fc00000, 0x000000065fc00000, 0x0000000660000000|  0%| F|  |TAMS 0x000000065fc00000| PB 0x000000065fc00000| Untracked 
| 328|0x0000000660000000, 0x0000000660000000, 0x0000000660400000|  0%| F|  |TAMS 0x0000000660000000| PB 0x0000000660000000| Untracked 
| 329|0x0000000660400000, 0x0000000660400000, 0x0000000660800000|  0%| F|  |TAMS 0x0000000660400000| PB 0x0000000660400000| Untracked 
| 330|0x0000000660800000, 0x0000000660800000, 0x0000000660c00000|  0%| F|  |TAMS 0x0000000660800000| PB 0x0000000660800000| Untracked 
| 331|0x0000000660c00000, 0x0000000660c00000, 0x0000000661000000|  0%| F|  |TAMS 0x0000000660c00000| PB 0x0000000660c00000| Untracked 
| 332|0x0000000661000000, 0x0000000661000000, 0x0000000661400000|  0%| F|  |TAMS 0x0000000661000000| PB 0x0000000661000000| Untracked 
| 333|0x0000000661400000, 0x0000000661400000, 0x0000000661800000|  0%| F|  |TAMS 0x0000000661400000| PB 0x0000000661400000| Untracked 
| 334|0x0000000661800000, 0x0000000661800000, 0x0000000661c00000|  0%| F|  |TAMS 0x0000000661800000| PB 0x0000000661800000| Untracked 
| 335|0x0000000661c00000, 0x0000000662000000, 0x0000000662000000|100%| S|CS|TAMS 0x0000000661c00000| PB 0x0000000661c00000| Complete 
| 336|0x0000000662000000, 0x0000000662000000, 0x0000000662400000|  0%| F|  |TAMS 0x0000000662000000| PB 0x0000000662000000| Untracked 
| 337|0x0000000662400000, 0x0000000662400000, 0x0000000662800000|  0%| F|  |TAMS 0x0000000662400000| PB 0x0000000662400000| Untracked 
| 338|0x0000000662800000, 0x0000000662800000, 0x0000000662c00000|  0%| F|  |TAMS 0x0000000662800000| PB 0x0000000662800000| Untracked 
| 339|0x0000000662c00000, 0x0000000662c00000, 0x0000000663000000|  0%| F|  |TAMS 0x0000000662c00000| PB 0x0000000662c00000| Untracked 
| 340|0x0000000663000000, 0x0000000663000000, 0x0000000663400000|  0%| F|  |TAMS 0x0000000663000000| PB 0x0000000663000000| Untracked 
| 341|0x0000000663400000, 0x0000000663400000, 0x0000000663800000|  0%| F|  |TAMS 0x0000000663400000| PB 0x0000000663400000| Untracked 
| 342|0x0000000663800000, 0x0000000663800000, 0x0000000663c00000|  0%| F|  |TAMS 0x0000000663800000| PB 0x0000000663800000| Untracked 
| 343|0x0000000663c00000, 0x0000000663c00000, 0x0000000664000000|  0%| F|  |TAMS 0x0000000663c00000| PB 0x0000000663c00000| Untracked 
| 344|0x0000000664000000, 0x0000000664000000, 0x0000000664400000|  0%| F|  |TAMS 0x0000000664000000| PB 0x0000000664000000| Untracked 
| 345|0x0000000664400000, 0x0000000664400000, 0x0000000664800000|  0%| F|  |TAMS 0x0000000664400000| PB 0x0000000664400000| Untracked 
| 346|0x0000000664800000, 0x0000000664800000, 0x0000000664c00000|  0%| F|  |TAMS 0x0000000664800000| PB 0x0000000664800000| Untracked 
| 347|0x0000000664c00000, 0x0000000664c00000, 0x0000000665000000|  0%| F|  |TAMS 0x0000000664c00000| PB 0x0000000664c00000| Untracked 
| 348|0x0000000665000000, 0x0000000665000000, 0x0000000665400000|  0%| F|  |TAMS 0x0000000665000000| PB 0x0000000665000000| Untracked 
| 349|0x0000000665400000, 0x0000000665400000, 0x0000000665800000|  0%| F|  |TAMS 0x0000000665400000| PB 0x0000000665400000| Untracked 
| 350|0x0000000665800000, 0x0000000665800000, 0x0000000665c00000|  0%| F|  |TAMS 0x0000000665800000| PB 0x0000000665800000| Untracked 
| 351|0x0000000665c00000, 0x0000000665c00000, 0x0000000666000000|  0%| F|  |TAMS 0x0000000665c00000| PB 0x0000000665c00000| Untracked 
| 352|0x0000000666000000, 0x0000000666000000, 0x0000000666400000|  0%| F|  |TAMS 0x0000000666000000| PB 0x0000000666000000| Untracked 
| 353|0x0000000666400000, 0x0000000666400000, 0x0000000666800000|  0%| F|  |TAMS 0x0000000666400000| PB 0x0000000666400000| Untracked 
| 354|0x0000000666800000, 0x0000000666800000, 0x0000000666c00000|  0%| F|  |TAMS 0x0000000666800000| PB 0x0000000666800000| Untracked 
| 355|0x0000000666c00000, 0x0000000666c00000, 0x0000000667000000|  0%| F|  |TAMS 0x0000000666c00000| PB 0x0000000666c00000| Untracked 
| 356|0x0000000667000000, 0x0000000667000000, 0x0000000667400000|  0%| F|  |TAMS 0x0000000667000000| PB 0x0000000667000000| Untracked 
| 357|0x0000000667400000, 0x0000000667400000, 0x0000000667800000|  0%| F|  |TAMS 0x0000000667400000| PB 0x0000000667400000| Untracked 
| 358|0x0000000667800000, 0x0000000667800000, 0x0000000667c00000|  0%| F|  |TAMS 0x0000000667800000| PB 0x0000000667800000| Untracked 
| 359|0x0000000667c00000, 0x0000000667c00000, 0x0000000668000000|  0%| F|  |TAMS 0x0000000667c00000| PB 0x0000000667c00000| Untracked 
| 360|0x0000000668000000, 0x0000000668000000, 0x0000000668400000|  0%| F|  |TAMS 0x0000000668000000| PB 0x0000000668000000| Untracked 
| 361|0x0000000668400000, 0x0000000668400000, 0x0000000668800000|  0%| F|  |TAMS 0x0000000668400000| PB 0x0000000668400000| Untracked 
| 362|0x0000000668800000, 0x0000000668800000, 0x0000000668c00000|  0%| F|  |TAMS 0x0000000668800000| PB 0x0000000668800000| Untracked 
| 363|0x0000000668c00000, 0x0000000668c00000, 0x0000000669000000|  0%| F|  |TAMS 0x0000000668c00000| PB 0x0000000668c00000| Untracked 
| 364|0x0000000669000000, 0x0000000669000000, 0x0000000669400000|  0%| F|  |TAMS 0x0000000669000000| PB 0x0000000669000000| Untracked 
| 365|0x0000000669400000, 0x0000000669400000, 0x0000000669800000|  0%| F|  |TAMS 0x0000000669400000| PB 0x0000000669400000| Untracked 
| 366|0x0000000669800000, 0x0000000669800000, 0x0000000669c00000|  0%| F|  |TAMS 0x0000000669800000| PB 0x0000000669800000| Untracked 
| 367|0x0000000669c00000, 0x0000000669c00000, 0x000000066a000000|  0%| F|  |TAMS 0x0000000669c00000| PB 0x0000000669c00000| Untracked 
| 368|0x000000066a000000, 0x000000066a000000, 0x000000066a400000|  0%| F|  |TAMS 0x000000066a000000| PB 0x000000066a000000| Untracked 
| 369|0x000000066a400000, 0x000000066a400000, 0x000000066a800000|  0%| F|  |TAMS 0x000000066a400000| PB 0x000000066a400000| Untracked 
| 370|0x000000066a800000, 0x000000066a800000, 0x000000066ac00000|  0%| F|  |TAMS 0x000000066a800000| PB 0x000000066a800000| Untracked 
| 371|0x000000066ac00000, 0x000000066ac00000, 0x000000066b000000|  0%| F|  |TAMS 0x000000066ac00000| PB 0x000000066ac00000| Untracked 
| 372|0x000000066b000000, 0x000000066b000000, 0x000000066b400000|  0%| F|  |TAMS 0x000000066b000000| PB 0x000000066b000000| Untracked 
| 373|0x000000066b400000, 0x000000066b400000, 0x000000066b800000|  0%| F|  |TAMS 0x000000066b400000| PB 0x000000066b400000| Untracked 
| 374|0x000000066b800000, 0x000000066b800000, 0x000000066bc00000|  0%| F|  |TAMS 0x000000066b800000| PB 0x000000066b800000| Untracked 
| 375|0x000000066bc00000, 0x000000066bc00000, 0x000000066c000000|  0%| F|  |TAMS 0x000000066bc00000| PB 0x000000066bc00000| Untracked 
| 376|0x000000066c000000, 0x000000066c000000, 0x000000066c400000|  0%| F|  |TAMS 0x000000066c000000| PB 0x000000066c000000| Untracked 
| 377|0x000000066c400000, 0x000000066c400000, 0x000000066c800000|  0%| F|  |TAMS 0x000000066c400000| PB 0x000000066c400000| Untracked 
| 378|0x000000066c800000, 0x000000066c800000, 0x000000066cc00000|  0%| F|  |TAMS 0x000000066c800000| PB 0x000000066c800000| Untracked 
| 379|0x000000066cc00000, 0x000000066cc00000, 0x000000066d000000|  0%| F|  |TAMS 0x000000066cc00000| PB 0x000000066cc00000| Untracked 
| 380|0x000000066d000000, 0x000000066d000000, 0x000000066d400000|  0%| F|  |TAMS 0x000000066d000000| PB 0x000000066d000000| Untracked 
| 381|0x000000066d400000, 0x000000066d400000, 0x000000066d800000|  0%| F|  |TAMS 0x000000066d400000| PB 0x000000066d400000| Untracked 
| 382|0x000000066d800000, 0x000000066d800000, 0x000000066dc00000|  0%| F|  |TAMS 0x000000066d800000| PB 0x000000066d800000| Untracked 
| 383|0x000000066dc00000, 0x000000066dc00000, 0x000000066e000000|  0%| F|  |TAMS 0x000000066dc00000| PB 0x000000066dc00000| Untracked 
| 384|0x000000066e000000, 0x000000066e000000, 0x000000066e400000|  0%| F|  |TAMS 0x000000066e000000| PB 0x000000066e000000| Untracked 
| 385|0x000000066e400000, 0x000000066e400000, 0x000000066e800000|  0%| F|  |TAMS 0x000000066e400000| PB 0x000000066e400000| Untracked 
| 386|0x000000066e800000, 0x000000066e800000, 0x000000066ec00000|  0%| F|  |TAMS 0x000000066e800000| PB 0x000000066e800000| Untracked 
| 387|0x000000066ec00000, 0x000000066ec00000, 0x000000066f000000|  0%| F|  |TAMS 0x000000066ec00000| PB 0x000000066ec00000| Untracked 
| 388|0x000000066f000000, 0x000000066f000000, 0x000000066f400000|  0%| F|  |TAMS 0x000000066f000000| PB 0x000000066f000000| Untracked 
| 389|0x000000066f400000, 0x000000066f400000, 0x000000066f800000|  0%| F|  |TAMS 0x000000066f400000| PB 0x000000066f400000| Untracked 
| 390|0x000000066f800000, 0x000000066f800000, 0x000000066fc00000|  0%| F|  |TAMS 0x000000066f800000| PB 0x000000066f800000| Untracked 
| 391|0x000000066fc00000, 0x000000066fc00000, 0x0000000670000000|  0%| F|  |TAMS 0x000000066fc00000| PB 0x000000066fc00000| Untracked 
| 392|0x0000000670000000, 0x0000000670000000, 0x0000000670400000|  0%| F|  |TAMS 0x0000000670000000| PB 0x0000000670000000| Untracked 
| 393|0x0000000670400000, 0x0000000670400000, 0x0000000670800000|  0%| F|  |TAMS 0x0000000670400000| PB 0x0000000670400000| Untracked 
| 394|0x0000000670800000, 0x0000000670800000, 0x0000000670c00000|  0%| F|  |TAMS 0x0000000670800000| PB 0x0000000670800000| Untracked 
| 395|0x0000000670c00000, 0x0000000670c00000, 0x0000000671000000|  0%| F|  |TAMS 0x0000000670c00000| PB 0x0000000670c00000| Untracked 
| 396|0x0000000671000000, 0x0000000671000000, 0x0000000671400000|  0%| F|  |TAMS 0x0000000671000000| PB 0x0000000671000000| Untracked 
| 397|0x0000000671400000, 0x0000000671400000, 0x0000000671800000|  0%| F|  |TAMS 0x0000000671400000| PB 0x0000000671400000| Untracked 
| 398|0x0000000671800000, 0x0000000671800000, 0x0000000671c00000|  0%| F|  |TAMS 0x0000000671800000| PB 0x0000000671800000| Untracked 
| 399|0x0000000671c00000, 0x0000000671c00000, 0x0000000672000000|  0%| F|  |TAMS 0x0000000671c00000| PB 0x0000000671c00000| Untracked 
| 400|0x0000000672000000, 0x0000000672000000, 0x0000000672400000|  0%| F|  |TAMS 0x0000000672000000| PB 0x0000000672000000| Untracked 
| 401|0x0000000672400000, 0x0000000672400000, 0x0000000672800000|  0%| F|  |TAMS 0x0000000672400000| PB 0x0000000672400000| Untracked 
| 402|0x0000000672800000, 0x0000000672800000, 0x0000000672c00000|  0%| F|  |TAMS 0x0000000672800000| PB 0x0000000672800000| Untracked 
| 403|0x0000000672c00000, 0x0000000672c00000, 0x0000000673000000|  0%| F|  |TAMS 0x0000000672c00000| PB 0x0000000672c00000| Untracked 
| 404|0x0000000673000000, 0x0000000673000000, 0x0000000673400000|  0%| F|  |TAMS 0x0000000673000000| PB 0x0000000673000000| Untracked 
| 405|0x0000000673400000, 0x0000000673400000, 0x0000000673800000|  0%| F|  |TAMS 0x0000000673400000| PB 0x0000000673400000| Untracked 
| 406|0x0000000673800000, 0x0000000673800000, 0x0000000673c00000|  0%| F|  |TAMS 0x0000000673800000| PB 0x0000000673800000| Untracked 
| 407|0x0000000673c00000, 0x0000000673c00000, 0x0000000674000000|  0%| F|  |TAMS 0x0000000673c00000| PB 0x0000000673c00000| Untracked 
| 408|0x0000000674000000, 0x0000000674000000, 0x0000000674400000|  0%| F|  |TAMS 0x0000000674000000| PB 0x0000000674000000| Untracked 
| 409|0x0000000674400000, 0x0000000674400000, 0x0000000674800000|  0%| F|  |TAMS 0x0000000674400000| PB 0x0000000674400000| Untracked 
| 410|0x0000000674800000, 0x0000000674800000, 0x0000000674c00000|  0%| F|  |TAMS 0x0000000674800000| PB 0x0000000674800000| Untracked 
| 411|0x0000000674c00000, 0x0000000674c00000, 0x0000000675000000|  0%| F|  |TAMS 0x0000000674c00000| PB 0x0000000674c00000| Untracked 
| 412|0x0000000675000000, 0x0000000675000000, 0x0000000675400000|  0%| F|  |TAMS 0x0000000675000000| PB 0x0000000675000000| Untracked 
| 413|0x0000000675400000, 0x0000000675400000, 0x0000000675800000|  0%| F|  |TAMS 0x0000000675400000| PB 0x0000000675400000| Untracked 
| 414|0x0000000675800000, 0x0000000675800000, 0x0000000675c00000|  0%| F|  |TAMS 0x0000000675800000| PB 0x0000000675800000| Untracked 
| 415|0x0000000675c00000, 0x0000000675c00000, 0x0000000676000000|  0%| F|  |TAMS 0x0000000675c00000| PB 0x0000000675c00000| Untracked 
| 416|0x0000000676000000, 0x0000000676000000, 0x0000000676400000|  0%| F|  |TAMS 0x0000000676000000| PB 0x0000000676000000| Untracked 
| 417|0x0000000676400000, 0x0000000676400000, 0x0000000676800000|  0%| F|  |TAMS 0x0000000676400000| PB 0x0000000676400000| Untracked 
| 418|0x0000000676800000, 0x0000000676800000, 0x0000000676c00000|  0%| F|  |TAMS 0x0000000676800000| PB 0x0000000676800000| Untracked 
| 419|0x0000000676c00000, 0x0000000676c00000, 0x0000000677000000|  0%| F|  |TAMS 0x0000000676c00000| PB 0x0000000676c00000| Untracked 
| 420|0x0000000677000000, 0x0000000677000000, 0x0000000677400000|  0%| F|  |TAMS 0x0000000677000000| PB 0x0000000677000000| Untracked 
| 421|0x0000000677400000, 0x0000000677400000, 0x0000000677800000|  0%| F|  |TAMS 0x0000000677400000| PB 0x0000000677400000| Untracked 
| 422|0x0000000677800000, 0x0000000677800000, 0x0000000677c00000|  0%| F|  |TAMS 0x0000000677800000| PB 0x0000000677800000| Untracked 
| 423|0x0000000677c00000, 0x0000000677c00000, 0x0000000678000000|  0%| F|  |TAMS 0x0000000677c00000| PB 0x0000000677c00000| Untracked 
| 424|0x0000000678000000, 0x0000000678000000, 0x0000000678400000|  0%| F|  |TAMS 0x0000000678000000| PB 0x0000000678000000| Untracked 
| 425|0x0000000678400000, 0x0000000678400000, 0x0000000678800000|  0%| F|  |TAMS 0x0000000678400000| PB 0x0000000678400000| Untracked 
| 426|0x0000000678800000, 0x0000000678800000, 0x0000000678c00000|  0%| F|  |TAMS 0x0000000678800000| PB 0x0000000678800000| Untracked 
| 427|0x0000000678c00000, 0x0000000678c00000, 0x0000000679000000|  0%| F|  |TAMS 0x0000000678c00000| PB 0x0000000678c00000| Untracked 
| 428|0x0000000679000000, 0x0000000679000000, 0x0000000679400000|  0%| F|  |TAMS 0x0000000679000000| PB 0x0000000679000000| Untracked 
| 429|0x0000000679400000, 0x0000000679400000, 0x0000000679800000|  0%| F|  |TAMS 0x0000000679400000| PB 0x0000000679400000| Untracked 
| 430|0x0000000679800000, 0x0000000679800000, 0x0000000679c00000|  0%| F|  |TAMS 0x0000000679800000| PB 0x0000000679800000| Untracked 
| 431|0x0000000679c00000, 0x0000000679c00000, 0x000000067a000000|  0%| F|  |TAMS 0x0000000679c00000| PB 0x0000000679c00000| Untracked 
| 432|0x000000067a000000, 0x000000067a000000, 0x000000067a400000|  0%| F|  |TAMS 0x000000067a000000| PB 0x000000067a000000| Untracked 
| 433|0x000000067a400000, 0x000000067a400000, 0x000000067a800000|  0%| F|  |TAMS 0x000000067a400000| PB 0x000000067a400000| Untracked 
| 434|0x000000067a800000, 0x000000067a800000, 0x000000067ac00000|  0%| F|  |TAMS 0x000000067a800000| PB 0x000000067a800000| Untracked 
| 435|0x000000067ac00000, 0x000000067ac00000, 0x000000067b000000|  0%| F|  |TAMS 0x000000067ac00000| PB 0x000000067ac00000| Untracked 
| 436|0x000000067b000000, 0x000000067b000000, 0x000000067b400000|  0%| F|  |TAMS 0x000000067b000000| PB 0x000000067b000000| Untracked 
| 437|0x000000067b400000, 0x000000067b400000, 0x000000067b800000|  0%| F|  |TAMS 0x000000067b400000| PB 0x000000067b400000| Untracked 
| 438|0x000000067b800000, 0x000000067b800000, 0x000000067bc00000|  0%| F|  |TAMS 0x000000067b800000| PB 0x000000067b800000| Untracked 
| 439|0x000000067bc00000, 0x000000067bc00000, 0x000000067c000000|  0%| F|  |TAMS 0x000000067bc00000| PB 0x000000067bc00000| Untracked 
| 440|0x000000067c000000, 0x000000067c000000, 0x000000067c400000|  0%| F|  |TAMS 0x000000067c000000| PB 0x000000067c000000| Untracked 
| 441|0x000000067c400000, 0x000000067c400000, 0x000000067c800000|  0%| F|  |TAMS 0x000000067c400000| PB 0x000000067c400000| Untracked 
| 442|0x000000067c800000, 0x000000067c800000, 0x000000067cc00000|  0%| F|  |TAMS 0x000000067c800000| PB 0x000000067c800000| Untracked 
| 443|0x000000067cc00000, 0x000000067cc00000, 0x000000067d000000|  0%| F|  |TAMS 0x000000067cc00000| PB 0x000000067cc00000| Untracked 
| 444|0x000000067d000000, 0x000000067d000000, 0x000000067d400000|  0%| F|  |TAMS 0x000000067d000000| PB 0x000000067d000000| Untracked 
| 445|0x000000067d400000, 0x000000067d400000, 0x000000067d800000|  0%| F|  |TAMS 0x000000067d400000| PB 0x000000067d400000| Untracked 
| 446|0x000000067d800000, 0x000000067d800000, 0x000000067dc00000|  0%| F|  |TAMS 0x000000067d800000| PB 0x000000067d800000| Untracked 
| 447|0x000000067dc00000, 0x000000067dc00000, 0x000000067e000000|  0%| F|  |TAMS 0x000000067dc00000| PB 0x000000067dc00000| Untracked 
| 448|0x000000067e000000, 0x000000067e000000, 0x000000067e400000|  0%| F|  |TAMS 0x000000067e000000| PB 0x000000067e000000| Untracked 
| 449|0x000000067e400000, 0x000000067e400000, 0x000000067e800000|  0%| F|  |TAMS 0x000000067e400000| PB 0x000000067e400000| Untracked 
| 450|0x000000067e800000, 0x000000067e800000, 0x000000067ec00000|  0%| F|  |TAMS 0x000000067e800000| PB 0x000000067e800000| Untracked 
| 451|0x000000067ec00000, 0x000000067ec00000, 0x000000067f000000|  0%| F|  |TAMS 0x000000067ec00000| PB 0x000000067ec00000| Untracked 
| 452|0x000000067f000000, 0x000000067f000000, 0x000000067f400000|  0%| F|  |TAMS 0x000000067f000000| PB 0x000000067f000000| Untracked 
| 453|0x000000067f400000, 0x000000067f400000, 0x000000067f800000|  0%| F|  |TAMS 0x000000067f400000| PB 0x000000067f400000| Untracked 
| 454|0x000000067f800000, 0x000000067f800000, 0x000000067fc00000|  0%| F|  |TAMS 0x000000067f800000| PB 0x000000067f800000| Untracked 
| 455|0x000000067fc00000, 0x000000067fc00000, 0x0000000680000000|  0%| F|  |TAMS 0x000000067fc00000| PB 0x000000067fc00000| Untracked 
| 456|0x0000000680000000, 0x0000000680000000, 0x0000000680400000|  0%| F|  |TAMS 0x0000000680000000| PB 0x0000000680000000| Untracked 
| 457|0x0000000680400000, 0x0000000680400000, 0x0000000680800000|  0%| F|  |TAMS 0x0000000680400000| PB 0x0000000680400000| Untracked 
| 458|0x0000000680800000, 0x0000000680800000, 0x0000000680c00000|  0%| F|  |TAMS 0x0000000680800000| PB 0x0000000680800000| Untracked 
| 459|0x0000000680c00000, 0x0000000680c00000, 0x0000000681000000|  0%| F|  |TAMS 0x0000000680c00000| PB 0x0000000680c00000| Untracked 
| 460|0x0000000681000000, 0x0000000681000000, 0x0000000681400000|  0%| F|  |TAMS 0x0000000681000000| PB 0x0000000681000000| Untracked 
| 461|0x0000000681400000, 0x0000000681400000, 0x0000000681800000|  0%| F|  |TAMS 0x0000000681400000| PB 0x0000000681400000| Untracked 
| 462|0x0000000681800000, 0x0000000681800000, 0x0000000681c00000|  0%| F|  |TAMS 0x0000000681800000| PB 0x0000000681800000| Untracked 
| 463|0x0000000681c00000, 0x0000000681c00000, 0x0000000682000000|  0%| F|  |TAMS 0x0000000681c00000| PB 0x0000000681c00000| Untracked 
| 464|0x0000000682000000, 0x0000000682000000, 0x0000000682400000|  0%| F|  |TAMS 0x0000000682000000| PB 0x0000000682000000| Untracked 
| 465|0x0000000682400000, 0x0000000682400000, 0x0000000682800000|  0%| F|  |TAMS 0x0000000682400000| PB 0x0000000682400000| Untracked 
| 466|0x0000000682800000, 0x0000000682800000, 0x0000000682c00000|  0%| F|  |TAMS 0x0000000682800000| PB 0x0000000682800000| Untracked 
| 467|0x0000000682c00000, 0x0000000682c00000, 0x0000000683000000|  0%| F|  |TAMS 0x0000000682c00000| PB 0x0000000682c00000| Untracked 
| 468|0x0000000683000000, 0x0000000683000000, 0x0000000683400000|  0%| F|  |TAMS 0x0000000683000000| PB 0x0000000683000000| Untracked 
| 469|0x0000000683400000, 0x0000000683400000, 0x0000000683800000|  0%| F|  |TAMS 0x0000000683400000| PB 0x0000000683400000| Untracked 
| 470|0x0000000683800000, 0x0000000683800000, 0x0000000683c00000|  0%| F|  |TAMS 0x0000000683800000| PB 0x0000000683800000| Untracked 
| 471|0x0000000683c00000, 0x0000000683c00000, 0x0000000684000000|  0%| F|  |TAMS 0x0000000683c00000| PB 0x0000000683c00000| Untracked 
| 472|0x0000000684000000, 0x0000000684000000, 0x0000000684400000|  0%| F|  |TAMS 0x0000000684000000| PB 0x0000000684000000| Untracked 
| 473|0x0000000684400000, 0x0000000684400000, 0x0000000684800000|  0%| F|  |TAMS 0x0000000684400000| PB 0x0000000684400000| Untracked 
| 474|0x0000000684800000, 0x0000000684800000, 0x0000000684c00000|  0%| F|  |TAMS 0x0000000684800000| PB 0x0000000684800000| Untracked 
| 475|0x0000000684c00000, 0x0000000684c00000, 0x0000000685000000|  0%| F|  |TAMS 0x0000000684c00000| PB 0x0000000684c00000| Untracked 
| 476|0x0000000685000000, 0x0000000685000000, 0x0000000685400000|  0%| F|  |TAMS 0x0000000685000000| PB 0x0000000685000000| Untracked 
| 477|0x0000000685400000, 0x0000000685400000, 0x0000000685800000|  0%| F|  |TAMS 0x0000000685400000| PB 0x0000000685400000| Untracked 
| 478|0x0000000685800000, 0x0000000685800000, 0x0000000685c00000|  0%| F|  |TAMS 0x0000000685800000| PB 0x0000000685800000| Untracked 
| 479|0x0000000685c00000, 0x0000000685c00000, 0x0000000686000000|  0%| F|  |TAMS 0x0000000685c00000| PB 0x0000000685c00000| Untracked 
| 480|0x0000000686000000, 0x0000000686000000, 0x0000000686400000|  0%| F|  |TAMS 0x0000000686000000| PB 0x0000000686000000| Untracked 
| 481|0x0000000686400000, 0x0000000686400000, 0x0000000686800000|  0%| F|  |TAMS 0x0000000686400000| PB 0x0000000686400000| Untracked 
| 482|0x0000000686800000, 0x0000000686800000, 0x0000000686c00000|  0%| F|  |TAMS 0x0000000686800000| PB 0x0000000686800000| Untracked 
| 483|0x0000000686c00000, 0x0000000686c00000, 0x0000000687000000|  0%| F|  |TAMS 0x0000000686c00000| PB 0x0000000686c00000| Untracked 
| 484|0x0000000687000000, 0x0000000687000000, 0x0000000687400000|  0%| F|  |TAMS 0x0000000687000000| PB 0x0000000687000000| Untracked 
| 485|0x0000000687400000, 0x0000000687400000, 0x0000000687800000|  0%| F|  |TAMS 0x0000000687400000| PB 0x0000000687400000| Untracked 
| 486|0x0000000687800000, 0x0000000687800000, 0x0000000687c00000|  0%| F|  |TAMS 0x0000000687800000| PB 0x0000000687800000| Untracked 
| 487|0x0000000687c00000, 0x0000000687c00000, 0x0000000688000000|  0%| F|  |TAMS 0x0000000687c00000| PB 0x0000000687c00000| Untracked 
| 488|0x0000000688000000, 0x0000000688000000, 0x0000000688400000|  0%| F|  |TAMS 0x0000000688000000| PB 0x0000000688000000| Untracked 
| 489|0x0000000688400000, 0x0000000688400000, 0x0000000688800000|  0%| F|  |TAMS 0x0000000688400000| PB 0x0000000688400000| Untracked 
| 490|0x0000000688800000, 0x0000000688800000, 0x0000000688c00000|  0%| F|  |TAMS 0x0000000688800000| PB 0x0000000688800000| Untracked 
| 491|0x0000000688c00000, 0x0000000688c00000, 0x0000000689000000|  0%| F|  |TAMS 0x0000000688c00000| PB 0x0000000688c00000| Untracked 
| 492|0x0000000689000000, 0x0000000689000000, 0x0000000689400000|  0%| F|  |TAMS 0x0000000689000000| PB 0x0000000689000000| Untracked 
| 493|0x0000000689400000, 0x0000000689400000, 0x0000000689800000|  0%| F|  |TAMS 0x0000000689400000| PB 0x0000000689400000| Untracked 
| 494|0x0000000689800000, 0x0000000689800000, 0x0000000689c00000|  0%| F|  |TAMS 0x0000000689800000| PB 0x0000000689800000| Untracked 
| 495|0x0000000689c00000, 0x0000000689c00000, 0x000000068a000000|  0%| F|  |TAMS 0x0000000689c00000| PB 0x0000000689c00000| Untracked 
| 496|0x000000068a000000, 0x000000068a000000, 0x000000068a400000|  0%| F|  |TAMS 0x000000068a000000| PB 0x000000068a000000| Untracked 
| 497|0x000000068a400000, 0x000000068a400000, 0x000000068a800000|  0%| F|  |TAMS 0x000000068a400000| PB 0x000000068a400000| Untracked 
| 498|0x000000068a800000, 0x000000068a800000, 0x000000068ac00000|  0%| F|  |TAMS 0x000000068a800000| PB 0x000000068a800000| Untracked 
| 499|0x000000068ac00000, 0x000000068ac00000, 0x000000068b000000|  0%| F|  |TAMS 0x000000068ac00000| PB 0x000000068ac00000| Untracked 
| 500|0x000000068b000000, 0x000000068b000000, 0x000000068b400000|  0%| F|  |TAMS 0x000000068b000000| PB 0x000000068b000000| Untracked 
| 501|0x000000068b400000, 0x000000068b400000, 0x000000068b800000|  0%| F|  |TAMS 0x000000068b400000| PB 0x000000068b400000| Untracked 
| 502|0x000000068b800000, 0x000000068b800000, 0x000000068bc00000|  0%| F|  |TAMS 0x000000068b800000| PB 0x000000068b800000| Untracked 
| 503|0x000000068bc00000, 0x000000068bc00000, 0x000000068c000000|  0%| F|  |TAMS 0x000000068bc00000| PB 0x000000068bc00000| Untracked 
| 504|0x000000068c000000, 0x000000068c000000, 0x000000068c400000|  0%| F|  |TAMS 0x000000068c000000| PB 0x000000068c000000| Untracked 
| 505|0x000000068c400000, 0x000000068c400000, 0x000000068c800000|  0%| F|  |TAMS 0x000000068c400000| PB 0x000000068c400000| Untracked 
| 506|0x000000068c800000, 0x000000068c800000, 0x000000068cc00000|  0%| F|  |TAMS 0x000000068c800000| PB 0x000000068c800000| Untracked 
| 507|0x000000068cc00000, 0x000000068cc00000, 0x000000068d000000|  0%| F|  |TAMS 0x000000068cc00000| PB 0x000000068cc00000| Untracked 
| 508|0x000000068d000000, 0x000000068d000000, 0x000000068d400000|  0%| F|  |TAMS 0x000000068d000000| PB 0x000000068d000000| Untracked 
| 509|0x000000068d400000, 0x000000068d400000, 0x000000068d800000|  0%| F|  |TAMS 0x000000068d400000| PB 0x000000068d400000| Untracked 
| 510|0x000000068d800000, 0x000000068d800000, 0x000000068dc00000|  0%| F|  |TAMS 0x000000068d800000| PB 0x000000068d800000| Untracked 
| 511|0x000000068dc00000, 0x000000068dc00000, 0x000000068e000000|  0%| F|  |TAMS 0x000000068dc00000| PB 0x000000068dc00000| Untracked 
| 512|0x000000068e000000, 0x000000068e000000, 0x000000068e400000|  0%| F|  |TAMS 0x000000068e000000| PB 0x000000068e000000| Untracked 
| 513|0x000000068e400000, 0x000000068e400000, 0x000000068e800000|  0%| F|  |TAMS 0x000000068e400000| PB 0x000000068e400000| Untracked 
| 514|0x000000068e800000, 0x000000068e800000, 0x000000068ec00000|  0%| F|  |TAMS 0x000000068e800000| PB 0x000000068e800000| Untracked 
| 515|0x000000068ec00000, 0x000000068ec00000, 0x000000068f000000|  0%| F|  |TAMS 0x000000068ec00000| PB 0x000000068ec00000| Untracked 
| 516|0x000000068f000000, 0x000000068f000000, 0x000000068f400000|  0%| F|  |TAMS 0x000000068f000000| PB 0x000000068f000000| Untracked 
| 517|0x000000068f400000, 0x000000068f400000, 0x000000068f800000|  0%| F|  |TAMS 0x000000068f400000| PB 0x000000068f400000| Untracked 
| 518|0x000000068f800000, 0x000000068f800000, 0x000000068fc00000|  0%| F|  |TAMS 0x000000068f800000| PB 0x000000068f800000| Untracked 
| 519|0x000000068fc00000, 0x000000068fc00000, 0x0000000690000000|  0%| F|  |TAMS 0x000000068fc00000| PB 0x000000068fc00000| Untracked 
| 520|0x0000000690000000, 0x0000000690000000, 0x0000000690400000|  0%| F|  |TAMS 0x0000000690000000| PB 0x0000000690000000| Untracked 
| 521|0x0000000690400000, 0x0000000690400000, 0x0000000690800000|  0%| F|  |TAMS 0x0000000690400000| PB 0x0000000690400000| Untracked 
| 522|0x0000000690800000, 0x0000000690800000, 0x0000000690c00000|  0%| F|  |TAMS 0x0000000690800000| PB 0x0000000690800000| Untracked 
| 523|0x0000000690c00000, 0x0000000690c00000, 0x0000000691000000|  0%| F|  |TAMS 0x0000000690c00000| PB 0x0000000690c00000| Untracked 
| 524|0x0000000691000000, 0x0000000691000000, 0x0000000691400000|  0%| F|  |TAMS 0x0000000691000000| PB 0x0000000691000000| Untracked 
| 525|0x0000000691400000, 0x0000000691400000, 0x0000000691800000|  0%| F|  |TAMS 0x0000000691400000| PB 0x0000000691400000| Untracked 
| 526|0x0000000691800000, 0x0000000691800000, 0x0000000691c00000|  0%| F|  |TAMS 0x0000000691800000| PB 0x0000000691800000| Untracked 
| 527|0x0000000691c00000, 0x0000000691c00000, 0x0000000692000000|  0%| F|  |TAMS 0x0000000691c00000| PB 0x0000000691c00000| Untracked 
| 528|0x0000000692000000, 0x0000000692000000, 0x0000000692400000|  0%| F|  |TAMS 0x0000000692000000| PB 0x0000000692000000| Untracked 
| 529|0x0000000692400000, 0x0000000692400000, 0x0000000692800000|  0%| F|  |TAMS 0x0000000692400000| PB 0x0000000692400000| Untracked 
| 530|0x0000000692800000, 0x0000000692800000, 0x0000000692c00000|  0%| F|  |TAMS 0x0000000692800000| PB 0x0000000692800000| Untracked 
| 531|0x0000000692c00000, 0x0000000692c00000, 0x0000000693000000|  0%| F|  |TAMS 0x0000000692c00000| PB 0x0000000692c00000| Untracked 
| 532|0x0000000693000000, 0x0000000693000000, 0x0000000693400000|  0%| F|  |TAMS 0x0000000693000000| PB 0x0000000693000000| Untracked 
| 533|0x0000000693400000, 0x0000000693400000, 0x0000000693800000|  0%| F|  |TAMS 0x0000000693400000| PB 0x0000000693400000| Untracked 
| 534|0x0000000693800000, 0x0000000693800000, 0x0000000693c00000|  0%| F|  |TAMS 0x0000000693800000| PB 0x0000000693800000| Untracked 
| 535|0x0000000693c00000, 0x0000000693c00000, 0x0000000694000000|  0%| F|  |TAMS 0x0000000693c00000| PB 0x0000000693c00000| Untracked 
| 536|0x0000000694000000, 0x0000000694000000, 0x0000000694400000|  0%| F|  |TAMS 0x0000000694000000| PB 0x0000000694000000| Untracked 
| 537|0x0000000694400000, 0x0000000694400000, 0x0000000694800000|  0%| F|  |TAMS 0x0000000694400000| PB 0x0000000694400000| Untracked 
| 538|0x0000000694800000, 0x0000000694800000, 0x0000000694c00000|  0%| F|  |TAMS 0x0000000694800000| PB 0x0000000694800000| Untracked 
| 539|0x0000000694c00000, 0x0000000694c00000, 0x0000000695000000|  0%| F|  |TAMS 0x0000000694c00000| PB 0x0000000694c00000| Untracked 
| 540|0x0000000695000000, 0x0000000695000000, 0x0000000695400000|  0%| F|  |TAMS 0x0000000695000000| PB 0x0000000695000000| Untracked 
| 541|0x0000000695400000, 0x0000000695400000, 0x0000000695800000|  0%| F|  |TAMS 0x0000000695400000| PB 0x0000000695400000| Untracked 
| 542|0x0000000695800000, 0x0000000695800000, 0x0000000695c00000|  0%| F|  |TAMS 0x0000000695800000| PB 0x0000000695800000| Untracked 
| 543|0x0000000695c00000, 0x0000000695c00000, 0x0000000696000000|  0%| F|  |TAMS 0x0000000695c00000| PB 0x0000000695c00000| Untracked 
| 544|0x0000000696000000, 0x0000000696000000, 0x0000000696400000|  0%| F|  |TAMS 0x0000000696000000| PB 0x0000000696000000| Untracked 
| 545|0x0000000696400000, 0x0000000696400000, 0x0000000696800000|  0%| F|  |TAMS 0x0000000696400000| PB 0x0000000696400000| Untracked 
| 546|0x0000000696800000, 0x0000000696800000, 0x0000000696c00000|  0%| F|  |TAMS 0x0000000696800000| PB 0x0000000696800000| Untracked 
| 547|0x0000000696c00000, 0x0000000696c00000, 0x0000000697000000|  0%| F|  |TAMS 0x0000000696c00000| PB 0x0000000696c00000| Untracked 
| 548|0x0000000697000000, 0x0000000697000000, 0x0000000697400000|  0%| F|  |TAMS 0x0000000697000000| PB 0x0000000697000000| Untracked 
| 549|0x0000000697400000, 0x0000000697400000, 0x0000000697800000|  0%| F|  |TAMS 0x0000000697400000| PB 0x0000000697400000| Untracked 
| 550|0x0000000697800000, 0x0000000697800000, 0x0000000697c00000|  0%| F|  |TAMS 0x0000000697800000| PB 0x0000000697800000| Untracked 
| 551|0x0000000697c00000, 0x0000000697c00000, 0x0000000698000000|  0%| F|  |TAMS 0x0000000697c00000| PB 0x0000000697c00000| Untracked 
| 552|0x0000000698000000, 0x0000000698000000, 0x0000000698400000|  0%| F|  |TAMS 0x0000000698000000| PB 0x0000000698000000| Untracked 
| 553|0x0000000698400000, 0x0000000698400000, 0x0000000698800000|  0%| F|  |TAMS 0x0000000698400000| PB 0x0000000698400000| Untracked 
| 554|0x0000000698800000, 0x0000000698800000, 0x0000000698c00000|  0%| F|  |TAMS 0x0000000698800000| PB 0x0000000698800000| Untracked 
| 555|0x0000000698c00000, 0x0000000698c00000, 0x0000000699000000|  0%| F|  |TAMS 0x0000000698c00000| PB 0x0000000698c00000| Untracked 
| 556|0x0000000699000000, 0x0000000699000000, 0x0000000699400000|  0%| F|  |TAMS 0x0000000699000000| PB 0x0000000699000000| Untracked 
| 557|0x0000000699400000, 0x0000000699400000, 0x0000000699800000|  0%| F|  |TAMS 0x0000000699400000| PB 0x0000000699400000| Untracked 
| 558|0x0000000699800000, 0x0000000699800000, 0x0000000699c00000|  0%| F|  |TAMS 0x0000000699800000| PB 0x0000000699800000| Untracked 
| 559|0x0000000699c00000, 0x0000000699c00000, 0x000000069a000000|  0%| F|  |TAMS 0x0000000699c00000| PB 0x0000000699c00000| Untracked 
| 560|0x000000069a000000, 0x000000069a000000, 0x000000069a400000|  0%| F|  |TAMS 0x000000069a000000| PB 0x000000069a000000| Untracked 
| 561|0x000000069a400000, 0x000000069a400000, 0x000000069a800000|  0%| F|  |TAMS 0x000000069a400000| PB 0x000000069a400000| Untracked 
| 562|0x000000069a800000, 0x000000069a800000, 0x000000069ac00000|  0%| F|  |TAMS 0x000000069a800000| PB 0x000000069a800000| Untracked 
| 563|0x000000069ac00000, 0x000000069ac00000, 0x000000069b000000|  0%| F|  |TAMS 0x000000069ac00000| PB 0x000000069ac00000| Untracked 
| 564|0x000000069b000000, 0x000000069b000000, 0x000000069b400000|  0%| F|  |TAMS 0x000000069b000000| PB 0x000000069b000000| Untracked 
| 565|0x000000069b400000, 0x000000069b400000, 0x000000069b800000|  0%| F|  |TAMS 0x000000069b400000| PB 0x000000069b400000| Untracked 
| 566|0x000000069b800000, 0x000000069b800000, 0x000000069bc00000|  0%| F|  |TAMS 0x000000069b800000| PB 0x000000069b800000| Untracked 
| 567|0x000000069bc00000, 0x000000069bc00000, 0x000000069c000000|  0%| F|  |TAMS 0x000000069bc00000| PB 0x000000069bc00000| Untracked 
| 568|0x000000069c000000, 0x000000069c000000, 0x000000069c400000|  0%| F|  |TAMS 0x000000069c000000| PB 0x000000069c000000| Untracked 
| 569|0x000000069c400000, 0x000000069c400000, 0x000000069c800000|  0%| F|  |TAMS 0x000000069c400000| PB 0x000000069c400000| Untracked 
| 570|0x000000069c800000, 0x000000069c800000, 0x000000069cc00000|  0%| F|  |TAMS 0x000000069c800000| PB 0x000000069c800000| Untracked 
| 571|0x000000069cc00000, 0x000000069cc00000, 0x000000069d000000|  0%| F|  |TAMS 0x000000069cc00000| PB 0x000000069cc00000| Untracked 
| 572|0x000000069d000000, 0x000000069d000000, 0x000000069d400000|  0%| F|  |TAMS 0x000000069d000000| PB 0x000000069d000000| Untracked 
| 573|0x000000069d400000, 0x000000069d400000, 0x000000069d800000|  0%| F|  |TAMS 0x000000069d400000| PB 0x000000069d400000| Untracked 
| 574|0x000000069d800000, 0x000000069d800000, 0x000000069dc00000|  0%| F|  |TAMS 0x000000069d800000| PB 0x000000069d800000| Untracked 
| 575|0x000000069dc00000, 0x000000069dc00000, 0x000000069e000000|  0%| F|  |TAMS 0x000000069dc00000| PB 0x000000069dc00000| Untracked 
| 576|0x000000069e000000, 0x000000069e000000, 0x000000069e400000|  0%| F|  |TAMS 0x000000069e000000| PB 0x000000069e000000| Untracked 
| 577|0x000000069e400000, 0x000000069e400000, 0x000000069e800000|  0%| F|  |TAMS 0x000000069e400000| PB 0x000000069e400000| Untracked 
| 578|0x000000069e800000, 0x000000069e800000, 0x000000069ec00000|  0%| F|  |TAMS 0x000000069e800000| PB 0x000000069e800000| Untracked 
| 579|0x000000069ec00000, 0x000000069ec00000, 0x000000069f000000|  0%| F|  |TAMS 0x000000069ec00000| PB 0x000000069ec00000| Untracked 
| 580|0x000000069f000000, 0x000000069f000000, 0x000000069f400000|  0%| F|  |TAMS 0x000000069f000000| PB 0x000000069f000000| Untracked 
| 581|0x000000069f400000, 0x000000069f400000, 0x000000069f800000|  0%| F|  |TAMS 0x000000069f400000| PB 0x000000069f400000| Untracked 
| 582|0x000000069f800000, 0x000000069f800000, 0x000000069fc00000|  0%| F|  |TAMS 0x000000069f800000| PB 0x000000069f800000| Untracked 
| 583|0x000000069fc00000, 0x000000069fc00000, 0x00000006a0000000|  0%| F|  |TAMS 0x000000069fc00000| PB 0x000000069fc00000| Untracked 
| 584|0x00000006a0000000, 0x00000006a0000000, 0x00000006a0400000|  0%| F|  |TAMS 0x00000006a0000000| PB 0x00000006a0000000| Untracked 
| 585|0x00000006a0400000, 0x00000006a0400000, 0x00000006a0800000|  0%| F|  |TAMS 0x00000006a0400000| PB 0x00000006a0400000| Untracked 
| 586|0x00000006a0800000, 0x00000006a0800000, 0x00000006a0c00000|  0%| F|  |TAMS 0x00000006a0800000| PB 0x00000006a0800000| Untracked 
| 587|0x00000006a0c00000, 0x00000006a0c00000, 0x00000006a1000000|  0%| F|  |TAMS 0x00000006a0c00000| PB 0x00000006a0c00000| Untracked 
| 588|0x00000006a1000000, 0x00000006a1000000, 0x00000006a1400000|  0%| F|  |TAMS 0x00000006a1000000| PB 0x00000006a1000000| Untracked 
| 589|0x00000006a1400000, 0x00000006a1400000, 0x00000006a1800000|  0%| F|  |TAMS 0x00000006a1400000| PB 0x00000006a1400000| Untracked 
| 590|0x00000006a1800000, 0x00000006a1800000, 0x00000006a1c00000|  0%| F|  |TAMS 0x00000006a1800000| PB 0x00000006a1800000| Untracked 
| 591|0x00000006a1c00000, 0x00000006a1c00000, 0x00000006a2000000|  0%| F|  |TAMS 0x00000006a1c00000| PB 0x00000006a1c00000| Untracked 
| 592|0x00000006a2000000, 0x00000006a2000000, 0x00000006a2400000|  0%| F|  |TAMS 0x00000006a2000000| PB 0x00000006a2000000| Untracked 
| 593|0x00000006a2400000, 0x00000006a2400000, 0x00000006a2800000|  0%| F|  |TAMS 0x00000006a2400000| PB 0x00000006a2400000| Untracked 
| 594|0x00000006a2800000, 0x00000006a2800000, 0x00000006a2c00000|  0%| F|  |TAMS 0x00000006a2800000| PB 0x00000006a2800000| Untracked 
| 595|0x00000006a2c00000, 0x00000006a2c00000, 0x00000006a3000000|  0%| F|  |TAMS 0x00000006a2c00000| PB 0x00000006a2c00000| Untracked 
| 596|0x00000006a3000000, 0x00000006a3000000, 0x00000006a3400000|  0%| F|  |TAMS 0x00000006a3000000| PB 0x00000006a3000000| Untracked 
| 597|0x00000006a3400000, 0x00000006a3400000, 0x00000006a3800000|  0%| F|  |TAMS 0x00000006a3400000| PB 0x00000006a3400000| Untracked 
| 598|0x00000006a3800000, 0x00000006a3800000, 0x00000006a3c00000|  0%| F|  |TAMS 0x00000006a3800000| PB 0x00000006a3800000| Untracked 
| 599|0x00000006a3c00000, 0x00000006a3c00000, 0x00000006a4000000|  0%| F|  |TAMS 0x00000006a3c00000| PB 0x00000006a3c00000| Untracked 
| 600|0x00000006a4000000, 0x00000006a4000000, 0x00000006a4400000|  0%| F|  |TAMS 0x00000006a4000000| PB 0x00000006a4000000| Untracked 
| 601|0x00000006a4400000, 0x00000006a4400000, 0x00000006a4800000|  0%| F|  |TAMS 0x00000006a4400000| PB 0x00000006a4400000| Untracked 
| 602|0x00000006a4800000, 0x00000006a4800000, 0x00000006a4c00000|  0%| F|  |TAMS 0x00000006a4800000| PB 0x00000006a4800000| Untracked 
| 603|0x00000006a4c00000, 0x00000006a4c00000, 0x00000006a5000000|  0%| F|  |TAMS 0x00000006a4c00000| PB 0x00000006a4c00000| Untracked 
| 604|0x00000006a5000000, 0x00000006a5000000, 0x00000006a5400000|  0%| F|  |TAMS 0x00000006a5000000| PB 0x00000006a5000000| Untracked 
| 605|0x00000006a5400000, 0x00000006a5400000, 0x00000006a5800000|  0%| F|  |TAMS 0x00000006a5400000| PB 0x00000006a5400000| Untracked 
| 606|0x00000006a5800000, 0x00000006a5800000, 0x00000006a5c00000|  0%| F|  |TAMS 0x00000006a5800000| PB 0x00000006a5800000| Untracked 
| 607|0x00000006a5c00000, 0x00000006a5c00000, 0x00000006a6000000|  0%| F|  |TAMS 0x00000006a5c00000| PB 0x00000006a5c00000| Untracked 
| 608|0x00000006a6000000, 0x00000006a6000000, 0x00000006a6400000|  0%| F|  |TAMS 0x00000006a6000000| PB 0x00000006a6000000| Untracked 
| 609|0x00000006a6400000, 0x00000006a6400000, 0x00000006a6800000|  0%| F|  |TAMS 0x00000006a6400000| PB 0x00000006a6400000| Untracked 
| 610|0x00000006a6800000, 0x00000006a6800000, 0x00000006a6c00000|  0%| F|  |TAMS 0x00000006a6800000| PB 0x00000006a6800000| Untracked 
| 611|0x00000006a6c00000, 0x00000006a6c00000, 0x00000006a7000000|  0%| F|  |TAMS 0x00000006a6c00000| PB 0x00000006a6c00000| Untracked 
| 612|0x00000006a7000000, 0x00000006a7000000, 0x00000006a7400000|  0%| F|  |TAMS 0x00000006a7000000| PB 0x00000006a7000000| Untracked 
| 613|0x00000006a7400000, 0x00000006a7400000, 0x00000006a7800000|  0%| F|  |TAMS 0x00000006a7400000| PB 0x00000006a7400000| Untracked 
| 614|0x00000006a7800000, 0x00000006a7800000, 0x00000006a7c00000|  0%| F|  |TAMS 0x00000006a7800000| PB 0x00000006a7800000| Untracked 
| 615|0x00000006a7c00000, 0x00000006a7c00000, 0x00000006a8000000|  0%| F|  |TAMS 0x00000006a7c00000| PB 0x00000006a7c00000| Untracked 
| 616|0x00000006a8000000, 0x00000006a8000000, 0x00000006a8400000|  0%| F|  |TAMS 0x00000006a8000000| PB 0x00000006a8000000| Untracked 
| 617|0x00000006a8400000, 0x00000006a8400000, 0x00000006a8800000|  0%| F|  |TAMS 0x00000006a8400000| PB 0x00000006a8400000| Untracked 
| 618|0x00000006a8800000, 0x00000006a8800000, 0x00000006a8c00000|  0%| F|  |TAMS 0x00000006a8800000| PB 0x00000006a8800000| Untracked 
| 619|0x00000006a8c00000, 0x00000006a8c00000, 0x00000006a9000000|  0%| F|  |TAMS 0x00000006a8c00000| PB 0x00000006a8c00000| Untracked 
| 620|0x00000006a9000000, 0x00000006a9000000, 0x00000006a9400000|  0%| F|  |TAMS 0x00000006a9000000| PB 0x00000006a9000000| Untracked 
| 621|0x00000006a9400000, 0x00000006a9400000, 0x00000006a9800000|  0%| F|  |TAMS 0x00000006a9400000| PB 0x00000006a9400000| Untracked 
| 622|0x00000006a9800000, 0x00000006a9800000, 0x00000006a9c00000|  0%| F|  |TAMS 0x00000006a9800000| PB 0x00000006a9800000| Untracked 
| 623|0x00000006a9c00000, 0x00000006a9c00000, 0x00000006aa000000|  0%| F|  |TAMS 0x00000006a9c00000| PB 0x00000006a9c00000| Untracked 
| 624|0x00000006aa000000, 0x00000006aa000000, 0x00000006aa400000|  0%| F|  |TAMS 0x00000006aa000000| PB 0x00000006aa000000| Untracked 
| 625|0x00000006aa400000, 0x00000006aa400000, 0x00000006aa800000|  0%| F|  |TAMS 0x00000006aa400000| PB 0x00000006aa400000| Untracked 
| 626|0x00000006aa800000, 0x00000006aa800000, 0x00000006aac00000|  0%| F|  |TAMS 0x00000006aa800000| PB 0x00000006aa800000| Untracked 
| 627|0x00000006aac00000, 0x00000006aac00000, 0x00000006ab000000|  0%| F|  |TAMS 0x00000006aac00000| PB 0x00000006aac00000| Untracked 
| 628|0x00000006ab000000, 0x00000006ab000000, 0x00000006ab400000|  0%| F|  |TAMS 0x00000006ab000000| PB 0x00000006ab000000| Untracked 
| 629|0x00000006ab400000, 0x00000006ab400000, 0x00000006ab800000|  0%| F|  |TAMS 0x00000006ab400000| PB 0x00000006ab400000| Untracked 
| 630|0x00000006ab800000, 0x00000006ab800000, 0x00000006abc00000|  0%| F|  |TAMS 0x00000006ab800000| PB 0x00000006ab800000| Untracked 
| 631|0x00000006abc00000, 0x00000006abc00000, 0x00000006ac000000|  0%| F|  |TAMS 0x00000006abc00000| PB 0x00000006abc00000| Untracked 
| 632|0x00000006ac000000, 0x00000006ac000000, 0x00000006ac400000|  0%| F|  |TAMS 0x00000006ac000000| PB 0x00000006ac000000| Untracked 
| 633|0x00000006ac400000, 0x00000006ac400000, 0x00000006ac800000|  0%| F|  |TAMS 0x00000006ac400000| PB 0x00000006ac400000| Untracked 
| 634|0x00000006ac800000, 0x00000006ac800000, 0x00000006acc00000|  0%| F|  |TAMS 0x00000006ac800000| PB 0x00000006ac800000| Untracked 
| 635|0x00000006acc00000, 0x00000006acc00000, 0x00000006ad000000|  0%| F|  |TAMS 0x00000006acc00000| PB 0x00000006acc00000| Untracked 
| 636|0x00000006ad000000, 0x00000006ad000000, 0x00000006ad400000|  0%| F|  |TAMS 0x00000006ad000000| PB 0x00000006ad000000| Untracked 
| 637|0x00000006ad400000, 0x00000006ad400000, 0x00000006ad800000|  0%| F|  |TAMS 0x00000006ad400000| PB 0x00000006ad400000| Untracked 
| 638|0x00000006ad800000, 0x00000006ad800000, 0x00000006adc00000|  0%| F|  |TAMS 0x00000006ad800000| PB 0x00000006ad800000| Untracked 
| 639|0x00000006adc00000, 0x00000006adc00000, 0x00000006ae000000|  0%| F|  |TAMS 0x00000006adc00000| PB 0x00000006adc00000| Untracked 
| 640|0x00000006ae000000, 0x00000006ae000000, 0x00000006ae400000|  0%| F|  |TAMS 0x00000006ae000000| PB 0x00000006ae000000| Untracked 
| 641|0x00000006ae400000, 0x00000006ae400000, 0x00000006ae800000|  0%| F|  |TAMS 0x00000006ae400000| PB 0x00000006ae400000| Untracked 
| 642|0x00000006ae800000, 0x00000006ae800000, 0x00000006aec00000|  0%| F|  |TAMS 0x00000006ae800000| PB 0x00000006ae800000| Untracked 
| 643|0x00000006aec00000, 0x00000006aec00000, 0x00000006af000000|  0%| F|  |TAMS 0x00000006aec00000| PB 0x00000006aec00000| Untracked 
| 644|0x00000006af000000, 0x00000006af000000, 0x00000006af400000|  0%| F|  |TAMS 0x00000006af000000| PB 0x00000006af000000| Untracked 
| 645|0x00000006af400000, 0x00000006af400000, 0x00000006af800000|  0%| F|  |TAMS 0x00000006af400000| PB 0x00000006af400000| Untracked 
| 646|0x00000006af800000, 0x00000006af800000, 0x00000006afc00000|  0%| F|  |TAMS 0x00000006af800000| PB 0x00000006af800000| Untracked 
| 647|0x00000006afc00000, 0x00000006afc00000, 0x00000006b0000000|  0%| F|  |TAMS 0x00000006afc00000| PB 0x00000006afc00000| Untracked 
| 648|0x00000006b0000000, 0x00000006b0000000, 0x00000006b0400000|  0%| F|  |TAMS 0x00000006b0000000| PB 0x00000006b0000000| Untracked 
| 649|0x00000006b0400000, 0x00000006b0400000, 0x00000006b0800000|  0%| F|  |TAMS 0x00000006b0400000| PB 0x00000006b0400000| Untracked 
| 650|0x00000006b0800000, 0x00000006b0800000, 0x00000006b0c00000|  0%| F|  |TAMS 0x00000006b0800000| PB 0x00000006b0800000| Untracked 
| 651|0x00000006b0c00000, 0x00000006b0c00000, 0x00000006b1000000|  0%| F|  |TAMS 0x00000006b0c00000| PB 0x00000006b0c00000| Untracked 
| 652|0x00000006b1000000, 0x00000006b1000000, 0x00000006b1400000|  0%| F|  |TAMS 0x00000006b1000000| PB 0x00000006b1000000| Untracked 
| 653|0x00000006b1400000, 0x00000006b1400000, 0x00000006b1800000|  0%| F|  |TAMS 0x00000006b1400000| PB 0x00000006b1400000| Untracked 
| 654|0x00000006b1800000, 0x00000006b1800000, 0x00000006b1c00000|  0%| F|  |TAMS 0x00000006b1800000| PB 0x00000006b1800000| Untracked 
| 655|0x00000006b1c00000, 0x00000006b1c00000, 0x00000006b2000000|  0%| F|  |TAMS 0x00000006b1c00000| PB 0x00000006b1c00000| Untracked 
| 656|0x00000006b2000000, 0x00000006b2000000, 0x00000006b2400000|  0%| F|  |TAMS 0x00000006b2000000| PB 0x00000006b2000000| Untracked 
| 657|0x00000006b2400000, 0x00000006b2400000, 0x00000006b2800000|  0%| F|  |TAMS 0x00000006b2400000| PB 0x00000006b2400000| Untracked 
| 658|0x00000006b2800000, 0x00000006b2800000, 0x00000006b2c00000|  0%| F|  |TAMS 0x00000006b2800000| PB 0x00000006b2800000| Untracked 
| 659|0x00000006b2c00000, 0x00000006b2c00000, 0x00000006b3000000|  0%| F|  |TAMS 0x00000006b2c00000| PB 0x00000006b2c00000| Untracked 
| 660|0x00000006b3000000, 0x00000006b3000000, 0x00000006b3400000|  0%| F|  |TAMS 0x00000006b3000000| PB 0x00000006b3000000| Untracked 
| 661|0x00000006b3400000, 0x00000006b3400000, 0x00000006b3800000|  0%| F|  |TAMS 0x00000006b3400000| PB 0x00000006b3400000| Untracked 
| 662|0x00000006b3800000, 0x00000006b3800000, 0x00000006b3c00000|  0%| F|  |TAMS 0x00000006b3800000| PB 0x00000006b3800000| Untracked 
| 663|0x00000006b3c00000, 0x00000006b3c00000, 0x00000006b4000000|  0%| F|  |TAMS 0x00000006b3c00000| PB 0x00000006b3c00000| Untracked 
| 664|0x00000006b4000000, 0x00000006b4000000, 0x00000006b4400000|  0%| F|  |TAMS 0x00000006b4000000| PB 0x00000006b4000000| Untracked 
| 665|0x00000006b4400000, 0x00000006b4400000, 0x00000006b4800000|  0%| F|  |TAMS 0x00000006b4400000| PB 0x00000006b4400000| Untracked 
| 666|0x00000006b4800000, 0x00000006b4800000, 0x00000006b4c00000|  0%| F|  |TAMS 0x00000006b4800000| PB 0x00000006b4800000| Untracked 
| 667|0x00000006b4c00000, 0x00000006b4c00000, 0x00000006b5000000|  0%| F|  |TAMS 0x00000006b4c00000| PB 0x00000006b4c00000| Untracked 
| 668|0x00000006b5000000, 0x00000006b5000000, 0x00000006b5400000|  0%| F|  |TAMS 0x00000006b5000000| PB 0x00000006b5000000| Untracked 
| 669|0x00000006b5400000, 0x00000006b5400000, 0x00000006b5800000|  0%| F|  |TAMS 0x00000006b5400000| PB 0x00000006b5400000| Untracked 
| 670|0x00000006b5800000, 0x00000006b5800000, 0x00000006b5c00000|  0%| F|  |TAMS 0x00000006b5800000| PB 0x00000006b5800000| Untracked 
| 671|0x00000006b5c00000, 0x00000006b5c00000, 0x00000006b6000000|  0%| F|  |TAMS 0x00000006b5c00000| PB 0x00000006b5c00000| Untracked 
| 672|0x00000006b6000000, 0x00000006b6000000, 0x00000006b6400000|  0%| F|  |TAMS 0x00000006b6000000| PB 0x00000006b6000000| Untracked 
| 673|0x00000006b6400000, 0x00000006b6400000, 0x00000006b6800000|  0%| F|  |TAMS 0x00000006b6400000| PB 0x00000006b6400000| Untracked 
| 674|0x00000006b6800000, 0x00000006b6800000, 0x00000006b6c00000|  0%| F|  |TAMS 0x00000006b6800000| PB 0x00000006b6800000| Untracked 
| 675|0x00000006b6c00000, 0x00000006b6c00000, 0x00000006b7000000|  0%| F|  |TAMS 0x00000006b6c00000| PB 0x00000006b6c00000| Untracked 
| 676|0x00000006b7000000, 0x00000006b7000000, 0x00000006b7400000|  0%| F|  |TAMS 0x00000006b7000000| PB 0x00000006b7000000| Untracked 
| 677|0x00000006b7400000, 0x00000006b7400000, 0x00000006b7800000|  0%| F|  |TAMS 0x00000006b7400000| PB 0x00000006b7400000| Untracked 
| 678|0x00000006b7800000, 0x00000006b7800000, 0x00000006b7c00000|  0%| F|  |TAMS 0x00000006b7800000| PB 0x00000006b7800000| Untracked 
| 679|0x00000006b7c00000, 0x00000006b7c00000, 0x00000006b8000000|  0%| F|  |TAMS 0x00000006b7c00000| PB 0x00000006b7c00000| Untracked 
| 680|0x00000006b8000000, 0x00000006b8000000, 0x00000006b8400000|  0%| F|  |TAMS 0x00000006b8000000| PB 0x00000006b8000000| Untracked 
| 681|0x00000006b8400000, 0x00000006b8400000, 0x00000006b8800000|  0%| F|  |TAMS 0x00000006b8400000| PB 0x00000006b8400000| Untracked 
| 682|0x00000006b8800000, 0x00000006b8800000, 0x00000006b8c00000|  0%| F|  |TAMS 0x00000006b8800000| PB 0x00000006b8800000| Untracked 
| 683|0x00000006b8c00000, 0x00000006b8c00000, 0x00000006b9000000|  0%| F|  |TAMS 0x00000006b8c00000| PB 0x00000006b8c00000| Untracked 
| 684|0x00000006b9000000, 0x00000006b9000000, 0x00000006b9400000|  0%| F|  |TAMS 0x00000006b9000000| PB 0x00000006b9000000| Untracked 
| 685|0x00000006b9400000, 0x00000006b9400000, 0x00000006b9800000|  0%| F|  |TAMS 0x00000006b9400000| PB 0x00000006b9400000| Untracked 
| 686|0x00000006b9800000, 0x00000006b9800000, 0x00000006b9c00000|  0%| F|  |TAMS 0x00000006b9800000| PB 0x00000006b9800000| Untracked 
| 687|0x00000006b9c00000, 0x00000006b9c00000, 0x00000006ba000000|  0%| F|  |TAMS 0x00000006b9c00000| PB 0x00000006b9c00000| Untracked 
| 688|0x00000006ba000000, 0x00000006ba000000, 0x00000006ba400000|  0%| F|  |TAMS 0x00000006ba000000| PB 0x00000006ba000000| Untracked 
| 689|0x00000006ba400000, 0x00000006ba400000, 0x00000006ba800000|  0%| F|  |TAMS 0x00000006ba400000| PB 0x00000006ba400000| Untracked 
| 690|0x00000006ba800000, 0x00000006ba800000, 0x00000006bac00000|  0%| F|  |TAMS 0x00000006ba800000| PB 0x00000006ba800000| Untracked 
| 691|0x00000006bac00000, 0x00000006bac00000, 0x00000006bb000000|  0%| F|  |TAMS 0x00000006bac00000| PB 0x00000006bac00000| Untracked 
| 692|0x00000006bb000000, 0x00000006bb000000, 0x00000006bb400000|  0%| F|  |TAMS 0x00000006bb000000| PB 0x00000006bb000000| Untracked 
| 693|0x00000006bb400000, 0x00000006bb400000, 0x00000006bb800000|  0%| F|  |TAMS 0x00000006bb400000| PB 0x00000006bb400000| Untracked 
| 694|0x00000006bb800000, 0x00000006bb800000, 0x00000006bbc00000|  0%| F|  |TAMS 0x00000006bb800000| PB 0x00000006bb800000| Untracked 
| 695|0x00000006bbc00000, 0x00000006bbc00000, 0x00000006bc000000|  0%| F|  |TAMS 0x00000006bbc00000| PB 0x00000006bbc00000| Untracked 
| 696|0x00000006bc000000, 0x00000006bc000000, 0x00000006bc400000|  0%| F|  |TAMS 0x00000006bc000000| PB 0x00000006bc000000| Untracked 
| 697|0x00000006bc400000, 0x00000006bc400000, 0x00000006bc800000|  0%| F|  |TAMS 0x00000006bc400000| PB 0x00000006bc400000| Untracked 
| 698|0x00000006bc800000, 0x00000006bc800000, 0x00000006bcc00000|  0%| F|  |TAMS 0x00000006bc800000| PB 0x00000006bc800000| Untracked 
| 699|0x00000006bcc00000, 0x00000006bcc00000, 0x00000006bd000000|  0%| F|  |TAMS 0x00000006bcc00000| PB 0x00000006bcc00000| Untracked 
| 700|0x00000006bd000000, 0x00000006bd000000, 0x00000006bd400000|  0%| F|  |TAMS 0x00000006bd000000| PB 0x00000006bd000000| Untracked 
| 701|0x00000006bd400000, 0x00000006bd400000, 0x00000006bd800000|  0%| F|  |TAMS 0x00000006bd400000| PB 0x00000006bd400000| Untracked 
| 702|0x00000006bd800000, 0x00000006bd800000, 0x00000006bdc00000|  0%| F|  |TAMS 0x00000006bd800000| PB 0x00000006bd800000| Untracked 
| 703|0x00000006bdc00000, 0x00000006bdc00000, 0x00000006be000000|  0%| F|  |TAMS 0x00000006bdc00000| PB 0x00000006bdc00000| Untracked 
| 704|0x00000006be000000, 0x00000006be000000, 0x00000006be400000|  0%| F|  |TAMS 0x00000006be000000| PB 0x00000006be000000| Untracked 
| 705|0x00000006be400000, 0x00000006be400000, 0x00000006be800000|  0%| F|  |TAMS 0x00000006be400000| PB 0x00000006be400000| Untracked 
| 706|0x00000006be800000, 0x00000006be800000, 0x00000006bec00000|  0%| F|  |TAMS 0x00000006be800000| PB 0x00000006be800000| Untracked 
| 707|0x00000006bec00000, 0x00000006bec00000, 0x00000006bf000000|  0%| F|  |TAMS 0x00000006bec00000| PB 0x00000006bec00000| Untracked 
| 708|0x00000006bf000000, 0x00000006bf000000, 0x00000006bf400000|  0%| F|  |TAMS 0x00000006bf000000| PB 0x00000006bf000000| Untracked 
| 709|0x00000006bf400000, 0x00000006bf400000, 0x00000006bf800000|  0%| F|  |TAMS 0x00000006bf400000| PB 0x00000006bf400000| Untracked 
| 710|0x00000006bf800000, 0x00000006bfc00000, 0x00000006bfc00000|100%| E|  |TAMS 0x00000006bf800000| PB 0x00000006bf800000| Complete 
| 711|0x00000006bfc00000, 0x00000006c0000000, 0x00000006c0000000|100%| E|CS|TAMS 0x00000006bfc00000| PB 0x00000006bfc00000| Complete 
| 712|0x00000006c0000000, 0x00000006c0400000, 0x00000006c0400000|100%| E|CS|TAMS 0x00000006c0000000| PB 0x00000006c0000000| Complete 
| 713|0x00000006c0400000, 0x00000006c0800000, 0x00000006c0800000|100%| E|CS|TAMS 0x00000006c0400000| PB 0x00000006c0400000| Complete 
| 714|0x00000006c0800000, 0x00000006c0c00000, 0x00000006c0c00000|100%| E|CS|TAMS 0x00000006c0800000| PB 0x00000006c0800000| Complete 
| 715|0x00000006c0c00000, 0x00000006c1000000, 0x00000006c1000000|100%| E|CS|TAMS 0x00000006c0c00000| PB 0x00000006c0c00000| Complete 
| 716|0x00000006c1000000, 0x00000006c1400000, 0x00000006c1400000|100%| E|CS|TAMS 0x00000006c1000000| PB 0x00000006c1000000| Complete 
| 717|0x00000006c1400000, 0x00000006c1800000, 0x00000006c1800000|100%| E|CS|TAMS 0x00000006c1400000| PB 0x00000006c1400000| Complete 
| 718|0x00000006c1800000, 0x00000006c1c00000, 0x00000006c1c00000|100%| E|CS|TAMS 0x00000006c1800000| PB 0x00000006c1800000| Complete 
| 719|0x00000006c1c00000, 0x00000006c2000000, 0x00000006c2000000|100%| E|CS|TAMS 0x00000006c1c00000| PB 0x00000006c1c00000| Complete 
| 720|0x00000006c2000000, 0x00000006c2400000, 0x00000006c2400000|100%| E|CS|TAMS 0x00000006c2000000| PB 0x00000006c2000000| Complete 
| 721|0x00000006c2400000, 0x00000006c2800000, 0x00000006c2800000|100%| E|CS|TAMS 0x00000006c2400000| PB 0x00000006c2400000| Complete 
| 722|0x00000006c2800000, 0x00000006c2c00000, 0x00000006c2c00000|100%| E|CS|TAMS 0x00000006c2800000| PB 0x00000006c2800000| Complete 
| 723|0x00000006c2c00000, 0x00000006c3000000, 0x00000006c3000000|100%| E|CS|TAMS 0x00000006c2c00000| PB 0x00000006c2c00000| Complete 
| 724|0x00000006c3000000, 0x00000006c3400000, 0x00000006c3400000|100%| E|CS|TAMS 0x00000006c3000000| PB 0x00000006c3000000| Complete 
| 725|0x00000006c3400000, 0x00000006c3800000, 0x00000006c3800000|100%| E|CS|TAMS 0x00000006c3400000| PB 0x00000006c3400000| Complete 
| 726|0x00000006c3800000, 0x00000006c3c00000, 0x00000006c3c00000|100%| E|CS|TAMS 0x00000006c3800000| PB 0x00000006c3800000| Complete 
| 727|0x00000006c3c00000, 0x00000006c4000000, 0x00000006c4000000|100%| E|CS|TAMS 0x00000006c3c00000| PB 0x00000006c3c00000| Complete 
| 728|0x00000006c4000000, 0x00000006c4400000, 0x00000006c4400000|100%| E|CS|TAMS 0x00000006c4000000| PB 0x00000006c4000000| Complete 
| 729|0x00000006c4400000, 0x00000006c4800000, 0x00000006c4800000|100%| E|  |TAMS 0x00000006c4400000| PB 0x00000006c4400000| Complete 
| 730|0x00000006c4800000, 0x00000006c4c00000, 0x00000006c4c00000|100%| E|CS|TAMS 0x00000006c4800000| PB 0x00000006c4800000| Complete 
| 731|0x00000006c4c00000, 0x00000006c5000000, 0x00000006c5000000|100%| E|CS|TAMS 0x00000006c4c00000| PB 0x00000006c4c00000| Complete 
| 732|0x00000006c5000000, 0x00000006c5400000, 0x00000006c5400000|100%| E|CS|TAMS 0x00000006c5000000| PB 0x00000006c5000000| Complete 
| 733|0x00000006c5400000, 0x00000006c5800000, 0x00000006c5800000|100%| E|CS|TAMS 0x00000006c5400000| PB 0x00000006c5400000| Complete 
| 734|0x00000006c5800000, 0x00000006c5c00000, 0x00000006c5c00000|100%| E|CS|TAMS 0x00000006c5800000| PB 0x00000006c5800000| Complete 
| 735|0x00000006c5c00000, 0x00000006c6000000, 0x00000006c6000000|100%| E|CS|TAMS 0x00000006c5c00000| PB 0x00000006c5c00000| Complete 
| 736|0x00000006c6000000, 0x00000006c6400000, 0x00000006c6400000|100%| E|CS|TAMS 0x00000006c6000000| PB 0x00000006c6000000| Complete 
| 737|0x00000006c6400000, 0x00000006c6800000, 0x00000006c6800000|100%| E|CS|TAMS 0x00000006c6400000| PB 0x00000006c6400000| Complete 
| 738|0x00000006c6800000, 0x00000006c6c00000, 0x00000006c6c00000|100%| E|CS|TAMS 0x00000006c6800000| PB 0x00000006c6800000| Complete 
| 739|0x00000006c6c00000, 0x00000006c7000000, 0x00000006c7000000|100%| E|CS|TAMS 0x00000006c6c00000| PB 0x00000006c6c00000| Complete 
| 740|0x00000006c7000000, 0x00000006c7400000, 0x00000006c7400000|100%| E|CS|TAMS 0x00000006c7000000| PB 0x00000006c7000000| Complete 
| 741|0x00000006c7400000, 0x00000006c7800000, 0x00000006c7800000|100%| E|CS|TAMS 0x00000006c7400000| PB 0x00000006c7400000| Complete 
| 742|0x00000006c7800000, 0x00000006c7c00000, 0x00000006c7c00000|100%| E|CS|TAMS 0x00000006c7800000| PB 0x00000006c7800000| Complete 
| 743|0x00000006c7c00000, 0x00000006c8000000, 0x00000006c8000000|100%| E|CS|TAMS 0x00000006c7c00000| PB 0x00000006c7c00000| Complete 
| 744|0x00000006c8000000, 0x00000006c8400000, 0x00000006c8400000|100%| E|CS|TAMS 0x00000006c8000000| PB 0x00000006c8000000| Complete 
| 745|0x00000006c8400000, 0x00000006c8800000, 0x00000006c8800000|100%| E|CS|TAMS 0x00000006c8400000| PB 0x00000006c8400000| Complete 
| 746|0x00000006c8800000, 0x00000006c8c00000, 0x00000006c8c00000|100%| E|CS|TAMS 0x00000006c8800000| PB 0x00000006c8800000| Complete 
| 747|0x00000006c8c00000, 0x00000006c9000000, 0x00000006c9000000|100%| E|CS|TAMS 0x00000006c8c00000| PB 0x00000006c8c00000| Complete 
| 748|0x00000006c9000000, 0x00000006c9400000, 0x00000006c9400000|100%| E|CS|TAMS 0x00000006c9000000| PB 0x00000006c9000000| Complete 
| 749|0x00000006c9400000, 0x00000006c9800000, 0x00000006c9800000|100%| E|CS|TAMS 0x00000006c9400000| PB 0x00000006c9400000| Complete 
| 750|0x00000006c9800000, 0x00000006c9c00000, 0x00000006c9c00000|100%| E|CS|TAMS 0x00000006c9800000| PB 0x00000006c9800000| Complete 
| 751|0x00000006c9c00000, 0x00000006ca000000, 0x00000006ca000000|100%| E|CS|TAMS 0x00000006c9c00000| PB 0x00000006c9c00000| Complete 
| 752|0x00000006ca000000, 0x00000006ca400000, 0x00000006ca400000|100%| E|CS|TAMS 0x00000006ca000000| PB 0x00000006ca000000| Complete 
| 753|0x00000006ca400000, 0x00000006ca800000, 0x00000006ca800000|100%| E|CS|TAMS 0x00000006ca400000| PB 0x00000006ca400000| Complete 
| 754|0x00000006ca800000, 0x00000006cac00000, 0x00000006cac00000|100%| E|CS|TAMS 0x00000006ca800000| PB 0x00000006ca800000| Complete 
| 755|0x00000006cac00000, 0x00000006cb000000, 0x00000006cb000000|100%| E|CS|TAMS 0x00000006cac00000| PB 0x00000006cac00000| Complete 
| 756|0x00000006cb000000, 0x00000006cb400000, 0x00000006cb400000|100%| E|CS|TAMS 0x00000006cb000000| PB 0x00000006cb000000| Complete 
| 757|0x00000006cb400000, 0x00000006cb800000, 0x00000006cb800000|100%| E|CS|TAMS 0x00000006cb400000| PB 0x00000006cb400000| Complete 
| 758|0x00000006cb800000, 0x00000006cbc00000, 0x00000006cbc00000|100%| E|CS|TAMS 0x00000006cb800000| PB 0x00000006cb800000| Complete 
| 759|0x00000006cbc00000, 0x00000006cc000000, 0x00000006cc000000|100%| E|CS|TAMS 0x00000006cbc00000| PB 0x00000006cbc00000| Complete 
| 760|0x00000006cc000000, 0x00000006cc400000, 0x00000006cc400000|100%| E|CS|TAMS 0x00000006cc000000| PB 0x00000006cc000000| Complete 
| 761|0x00000006cc400000, 0x00000006cc800000, 0x00000006cc800000|100%| E|CS|TAMS 0x00000006cc400000| PB 0x00000006cc400000| Complete 
| 762|0x00000006cc800000, 0x00000006ccc00000, 0x00000006ccc00000|100%| E|CS|TAMS 0x00000006cc800000| PB 0x00000006cc800000| Complete 
| 865|0x00000006e6400000, 0x00000006e6800000, 0x00000006e6800000|100%| E|CS|TAMS 0x00000006e6400000| PB 0x00000006e6400000| Complete 
| 866|0x00000006e6800000, 0x00000006e6c00000, 0x00000006e6c00000|100%| E|CS|TAMS 0x00000006e6800000| PB 0x00000006e6800000| Complete 
| 867|0x00000006e6c00000, 0x00000006e7000000, 0x00000006e7000000|100%| E|CS|TAMS 0x00000006e6c00000| PB 0x00000006e6c00000| Complete 
| 868|0x00000006e7000000, 0x00000006e7400000, 0x00000006e7400000|100%| E|CS|TAMS 0x00000006e7000000| PB 0x00000006e7000000| Complete 
| 869|0x00000006e7400000, 0x00000006e7800000, 0x00000006e7800000|100%| E|CS|TAMS 0x00000006e7400000| PB 0x00000006e7400000| Complete 
| 870|0x00000006e7800000, 0x00000006e7c00000, 0x00000006e7c00000|100%| E|CS|TAMS 0x00000006e7800000| PB 0x00000006e7800000| Complete 
| 871|0x00000006e7c00000, 0x00000006e8000000, 0x00000006e8000000|100%| E|CS|TAMS 0x00000006e7c00000| PB 0x00000006e7c00000| Complete 
| 872|0x00000006e8000000, 0x00000006e8400000, 0x00000006e8400000|100%| E|CS|TAMS 0x00000006e8000000| PB 0x00000006e8000000| Complete 
| 873|0x00000006e8400000, 0x00000006e8800000, 0x00000006e8800000|100%| E|CS|TAMS 0x00000006e8400000| PB 0x00000006e8400000| Complete 
| 874|0x00000006e8800000, 0x00000006e8c00000, 0x00000006e8c00000|100%| E|CS|TAMS 0x00000006e8800000| PB 0x00000006e8800000| Complete 
| 875|0x00000006e8c00000, 0x00000006e9000000, 0x00000006e9000000|100%| E|CS|TAMS 0x00000006e8c00000| PB 0x00000006e8c00000| Complete 
| 876|0x00000006e9000000, 0x00000006e9400000, 0x00000006e9400000|100%| E|CS|TAMS 0x00000006e9000000| PB 0x00000006e9000000| Complete 
| 877|0x00000006e9400000, 0x00000006e9800000, 0x00000006e9800000|100%| E|CS|TAMS 0x00000006e9400000| PB 0x00000006e9400000| Complete 
| 878|0x00000006e9800000, 0x00000006e9c00000, 0x00000006e9c00000|100%| E|CS|TAMS 0x00000006e9800000| PB 0x00000006e9800000| Complete 
| 879|0x00000006e9c00000, 0x00000006ea000000, 0x00000006ea000000|100%| E|CS|TAMS 0x00000006e9c00000| PB 0x00000006e9c00000| Complete 
| 880|0x00000006ea000000, 0x00000006ea400000, 0x00000006ea400000|100%| E|CS|TAMS 0x00000006ea000000| PB 0x00000006ea000000| Complete 
| 881|0x00000006ea400000, 0x00000006ea800000, 0x00000006ea800000|100%| E|CS|TAMS 0x00000006ea400000| PB 0x00000006ea400000| Complete 
| 882|0x00000006ea800000, 0x00000006eac00000, 0x00000006eac00000|100%| E|CS|TAMS 0x00000006ea800000| PB 0x00000006ea800000| Complete 
| 883|0x00000006eac00000, 0x00000006eb000000, 0x00000006eb000000|100%| E|CS|TAMS 0x00000006eac00000| PB 0x00000006eac00000| Complete 
| 884|0x00000006eb000000, 0x00000006eb400000, 0x00000006eb400000|100%| E|CS|TAMS 0x00000006eb000000| PB 0x00000006eb000000| Complete 
| 885|0x00000006eb400000, 0x00000006eb800000, 0x00000006eb800000|100%| E|CS|TAMS 0x00000006eb400000| PB 0x00000006eb400000| Complete 
| 886|0x00000006eb800000, 0x00000006ebc00000, 0x00000006ebc00000|100%| E|CS|TAMS 0x00000006eb800000| PB 0x00000006eb800000| Complete 
| 887|0x00000006ebc00000, 0x00000006ec000000, 0x00000006ec000000|100%| E|CS|TAMS 0x00000006ebc00000| PB 0x00000006ebc00000| Complete 
| 888|0x00000006ec000000, 0x00000006ec400000, 0x00000006ec400000|100%| E|CS|TAMS 0x00000006ec000000| PB 0x00000006ec000000| Complete 
| 889|0x00000006ec400000, 0x00000006ec800000, 0x00000006ec800000|100%| E|CS|TAMS 0x00000006ec400000| PB 0x00000006ec400000| Complete 
| 890|0x00000006ec800000, 0x00000006ecc00000, 0x00000006ecc00000|100%| E|CS|TAMS 0x00000006ec800000| PB 0x00000006ec800000| Complete 
| 891|0x00000006ecc00000, 0x00000006ed000000, 0x00000006ed000000|100%| E|CS|TAMS 0x00000006ecc00000| PB 0x00000006ecc00000| Complete 
| 892|0x00000006ed000000, 0x00000006ed400000, 0x00000006ed400000|100%| E|CS|TAMS 0x00000006ed000000| PB 0x00000006ed000000| Complete 
| 893|0x00000006ed400000, 0x00000006ed800000, 0x00000006ed800000|100%| E|CS|TAMS 0x00000006ed400000| PB 0x00000006ed400000| Complete 
| 894|0x00000006ed800000, 0x00000006edc00000, 0x00000006edc00000|100%| E|CS|TAMS 0x00000006ed800000| PB 0x00000006ed800000| Complete 
| 895|0x00000006edc00000, 0x00000006ee000000, 0x00000006ee000000|100%| E|CS|TAMS 0x00000006edc00000| PB 0x00000006edc00000| Complete 
| 896|0x00000006ee000000, 0x00000006ee400000, 0x00000006ee400000|100%| E|CS|TAMS 0x00000006ee000000| PB 0x00000006ee000000| Complete 
| 897|0x00000006ee400000, 0x00000006ee800000, 0x00000006ee800000|100%| E|CS|TAMS 0x00000006ee400000| PB 0x00000006ee400000| Complete 
| 898|0x00000006ee800000, 0x00000006eec00000, 0x00000006eec00000|100%| E|CS|TAMS 0x00000006ee800000| PB 0x00000006ee800000| Complete 
| 899|0x00000006eec00000, 0x00000006ef000000, 0x00000006ef000000|100%| E|CS|TAMS 0x00000006eec00000| PB 0x00000006eec00000| Complete 
| 900|0x00000006ef000000, 0x00000006ef400000, 0x00000006ef400000|100%| E|CS|TAMS 0x00000006ef000000| PB 0x00000006ef000000| Complete 
| 901|0x00000006ef400000, 0x00000006ef800000, 0x00000006ef800000|100%| E|CS|TAMS 0x00000006ef400000| PB 0x00000006ef400000| Complete 
| 902|0x00000006ef800000, 0x00000006efc00000, 0x00000006efc00000|100%| E|CS|TAMS 0x00000006ef800000| PB 0x00000006ef800000| Complete 
| 903|0x00000006efc00000, 0x00000006f0000000, 0x00000006f0000000|100%| E|CS|TAMS 0x00000006efc00000| PB 0x00000006efc00000| Complete 
| 904|0x00000006f0000000, 0x00000006f0400000, 0x00000006f0400000|100%| E|CS|TAMS 0x00000006f0000000| PB 0x00000006f0000000| Complete 
| 905|0x00000006f0400000, 0x00000006f0800000, 0x00000006f0800000|100%| E|CS|TAMS 0x00000006f0400000| PB 0x00000006f0400000| Complete 
|1959|0x00000007f7c00000, 0x00000007f8000000, 0x00000007f8000000|100%| O|  |TAMS 0x00000007f8000000| PB 0x00000007f7c00000| Untracked 
|1960|0x00000007f8000000, 0x00000007f8400000, 0x00000007f8400000|100%| O|  |TAMS 0x00000007f8400000| PB 0x00000007f8000000| Untracked 
|1961|0x00000007f8400000, 0x00000007f8800000, 0x00000007f8800000|100%| O|  |TAMS 0x00000007f8800000| PB 0x00000007f8400000| Untracked 
|1962|0x00000007f8800000, 0x00000007f8c00000, 0x00000007f8c00000|100%| E|CS|TAMS 0x00000007f8800000| PB 0x00000007f8800000| Complete 
|1963|0x00000007f8c00000, 0x00000007f9000000, 0x00000007f9000000|100%| O|  |TAMS 0x00000007f9000000| PB 0x00000007f8c00000| Untracked 
|1964|0x00000007f9000000, 0x00000007f9400000, 0x00000007f9400000|100%| O|  |TAMS 0x00000007f9400000| PB 0x00000007f9000000| Untracked 
|1965|0x00000007f9400000, 0x00000007f9800000, 0x00000007f9800000|100%| O|  |TAMS 0x00000007f9800000| PB 0x00000007f9400000| Untracked 
|1966|0x00000007f9800000, 0x00000007f9c00000, 0x00000007f9c00000|100%| O|  |TAMS 0x00000007f9c00000| PB 0x00000007f9800000| Untracked 
|1967|0x00000007f9c00000, 0x00000007fa000000, 0x00000007fa000000|100%| O|  |TAMS 0x00000007fa000000| PB 0x00000007f9c00000| Untracked 
|1968|0x00000007fa000000, 0x00000007fa400000, 0x00000007fa400000|100%| O|  |TAMS 0x00000007fa400000| PB 0x00000007fa000000| Untracked 
|1969|0x00000007fa400000, 0x00000007fa800000, 0x00000007fa800000|100%| O|  |TAMS 0x00000007fa800000| PB 0x00000007fa400000| Untracked 
|1970|0x00000007fa800000, 0x00000007fac00000, 0x00000007fac00000|100%| O|  |TAMS 0x00000007fac00000| PB 0x00000007fa800000| Untracked 
|1971|0x00000007fac00000, 0x00000007fb000000, 0x00000007fb000000|100%| O|  |TAMS 0x00000007fb000000| PB 0x00000007fac00000| Untracked 
|1972|0x00000007fb000000, 0x00000007fb400000, 0x00000007fb400000|100%| O|  |TAMS 0x00000007fb400000| PB 0x00000007fb000000| Untracked 
|1973|0x00000007fb400000, 0x00000007fb800000, 0x00000007fb800000|100%| O|  |TAMS 0x00000007fb800000| PB 0x00000007fb400000| Untracked 
|1974|0x00000007fb800000, 0x00000007fbc00000, 0x00000007fbc00000|100%| O|  |TAMS 0x00000007fbc00000| PB 0x00000007fb800000| Untracked 
|1975|0x00000007fbc00000, 0x00000007fc000000, 0x00000007fc000000|100%| O|  |TAMS 0x00000007fc000000| PB 0x00000007fbc00000| Untracked 
|1976|0x00000007fc000000, 0x00000007fc400000, 0x00000007fc400000|100%| O|  |TAMS 0x00000007fc400000| PB 0x00000007fc000000| Untracked 
|1977|0x00000007fc400000, 0x00000007fc800000, 0x00000007fc800000|100%| E|CS|TAMS 0x00000007fc400000| PB 0x00000007fc400000| Complete 
|1978|0x00000007fc800000, 0x00000007fcc00000, 0x00000007fcc00000|100%| E|CS|TAMS 0x00000007fc800000| PB 0x00000007fc800000| Complete 
|1979|0x00000007fcc00000, 0x00000007fd000000, 0x00000007fd000000|100%| O|  |TAMS 0x00000007fd000000| PB 0x00000007fcc00000| Untracked 
|1980|0x00000007fd000000, 0x00000007fd400000, 0x00000007fd400000|100%| O|  |TAMS 0x00000007fd400000| PB 0x00000007fd000000| Untracked 
|1981|0x00000007fd400000, 0x00000007fd800000, 0x00000007fd800000|100%| O|  |TAMS 0x00000007fd800000| PB 0x00000007fd400000| Untracked 
|1982|0x00000007fd800000, 0x00000007fdc00000, 0x00000007fdc00000|100%| O|  |TAMS 0x00000007fdc00000| PB 0x00000007fd800000| Untracked 
|1983|0x00000007fdc00000, 0x00000007fe000000, 0x00000007fe000000|100%| E|CS|TAMS 0x00000007fdc00000| PB 0x00000007fdc00000| Complete 
|1984|0x00000007fe000000, 0x00000007fe400000, 0x00000007fe400000|100%| E|CS|TAMS 0x00000007fe000000| PB 0x00000007fe000000| Complete 
|1985|0x00000007fe400000, 0x00000007fe800000, 0x00000007fe800000|100%| E|CS|TAMS 0x00000007fe400000| PB 0x00000007fe400000| Complete 
|1986|0x00000007fe800000, 0x00000007fec00000, 0x00000007fec00000|100%| O|  |TAMS 0x00000007fec00000| PB 0x00000007fe800000| Untracked 
|1987|0x00000007fec00000, 0x00000007ff000000, 0x00000007ff000000|100%| E|CS|TAMS 0x00000007fec00000| PB 0x00000007fec00000| Complete 
|1988|0x00000007ff000000, 0x00000007ff400000, 0x00000007ff400000|100%| O|  |TAMS 0x00000007ff400000| PB 0x00000007ff000000| Untracked 
|1989|0x00000007ff400000, 0x00000007ff800000, 0x00000007ff800000|100%| E|CS|TAMS 0x00000007ff400000| PB 0x00000007ff400000| Complete 
|1990|0x00000007ff800000, 0x00000007ffc00000, 0x00000007ffc00000|100%| O|  |TAMS 0x00000007ffc00000| PB 0x00000007ff800000| Untracked 
|1991|0x00000007ffc00000, 0x0000000800000000, 0x0000000800000000|100%| O|  |TAMS 0x0000000800000000| PB 0x00000007ffc00000| Untracked 

Card table byte_map: [0x0000016ffe570000,0x0000016fff500000] _byte_map_base: 0x0000016ffb500000

Marking Bits: (CMBitMap*) 0x0000016ffd19cd90
 Bits: [0x0000016f97660000, 0x0000016f9f2e0000)

Polling page: 0x0000016ffae10000

Metaspace:

Usage:
  Non-class:    153.04 MB used.
      Class:     28.57 MB used.
       Both:    181.61 MB used.

Virtual space:
  Non-class space:      192.00 MB reserved,     154.19 MB ( 80%) committed,  3 nodes.
      Class space:        1.00 GB reserved,      29.44 MB (  3%) committed,  1 nodes.
             Both:        1.19 GB reserved,     183.62 MB ( 15%) committed. 

Chunk freelists:
   Non-Class:  5.08 MB
       Class:  2.38 MB
        Both:  7.46 MB

MaxMetaspaceSize: unlimited
CompressedClassSpaceSize: 1.00 GB
Initial GC threshold: 21.00 MB
Current GC threshold: 305.62 MB
CDS: on
 - commit_granule_bytes: 65536.
 - commit_granule_words: 8192.
 - virtual_space_node_default_size: 8388608.
 - enlarge_chunks_in_place: 1.
 - use_allocation_guard: 0.


Internal statistics:

num_allocs_failed_limit: 12.
num_arena_births: 3674.
num_arena_deaths: 304.
num_vsnodes_births: 4.
num_vsnodes_deaths: 0.
num_space_committed: 2932.
num_space_uncommitted: 0.
num_chunks_returned_to_freelist: 453.
num_chunks_taken_from_freelist: 12956.
num_chunk_merges: 176.
num_chunk_splits: 7673.
num_chunks_enlarged: 4646.
num_inconsistent_stats: 0.

CodeHeap 'non-profiled nmethods': size=120000Kb used=27802Kb max_used=29368Kb free=92197Kb
 bounds [0x0000016f90130000, 0x0000016f91e00000, 0x0000016f97660000]
CodeHeap 'profiled nmethods': size=120000Kb used=31543Kb max_used=52537Kb free=88456Kb
 bounds [0x0000016f88660000, 0x0000016f8b9c0000, 0x0000016f8fb90000]
CodeHeap 'non-nmethods': size=5760Kb used=4013Kb max_used=4069Kb free=1746Kb
 bounds [0x0000016f8fb90000, 0x0000016f8ffa0000, 0x0000016f90130000]
CodeCache: size=245760Kb, used=63358Kb, max_used=85974Kb, free=182399Kb
 total_blobs=23232, nmethods=20765, adapters=2368, full_count=0
Compilation: enabled, stopped_count=0, restarted_count=0

Compilation events (20 events):
Event: 324.620 Thread 0x0000016fa1556630 40819       4       net.minecraft.server.level.ChunkTaskPriorityQueueSorter$$Lambda/0x0000016fa4cb72b8::run (24 bytes)
Event: 324.621 Thread 0x0000016fa1556630 nmethod 40819 0x0000016f913bbf90 code [0x0000016f913bc120, 0x0000016f913bc220]
Event: 324.677 Thread 0x0000016fa15635f0 40820       3       java.lang.invoke.LambdaFormEditor$Transform::<init> (17 bytes)
Event: 324.677 Thread 0x0000016fa15635f0 nmethod 40820 0x0000016f893ce910 code [0x0000016f893ceae0, 0x0000016f893ceed8]
Event: 324.677 Thread 0x0000016fa1556630 40823       4       java.lang.invoke.LambdaForm::useCount (61 bytes)
Event: 324.680 Thread 0x0000016fa1556630 nmethod 40823 0x0000016f91240310 code [0x0000016f912404a0, 0x0000016f91240758]
Event: 324.680 Thread 0x0000016fa1556630 40824       4       java.lang.invoke.LambdaForm$Name::initIndex (26 bytes)
Event: 324.680 Thread 0x0000016fa1556630 nmethod 40824 0x0000016f91240010 code [0x0000016f912401a0, 0x0000016f91240248]
Event: 324.876 Thread 0x0000016fa15635f0 40827       3       net.minecraft.world.entity.projectile.Projectile::checkLeftOwner (80 bytes)
Event: 324.876 Thread 0x0000016fa15635f0 nmethod 40827 0x0000016f8886ab90 code [0x0000016f8886ae60, 0x0000016f8886c088]
Event: 325.076 Thread 0x0000016fa15635f0 40828       3       net.minecraft.client.multiplayer.ClientPacketListener::handleSetEntityMotion (42 bytes)
Event: 325.077 Thread 0x0000016fa15635f0 nmethod 40828 0x0000016f886e4610 code [0x0000016f886e4980, 0x0000016f886e6440]
Event: 325.173 Thread 0x0000016fa15635f0 40829   !   3       dev.ryanhcode.sable.sublevel.storage.serialization.SubLevelStorage::attemptLoadHoldingChunk (27 bytes)
Event: 325.173 Thread 0x0000016fa15635f0 nmethod 40829 0x0000016f88a30e90 code [0x0000016f88a31060, 0x0000016f88a312b8]
Event: 325.173 Thread 0x0000016fa15635f0 40830       3       dev.ryanhcode.sable.sublevel.storage.region.SubLevelStorageFile::getSubLevelDataInputStream (340 bytes)
Event: 325.175 Thread 0x0000016fa15635f0 nmethod 40830 0x0000016f8ad7b810 code [0x0000016f8ad7be40, 0x0000016f8ad7fa58]
Event: 325.175 Thread 0x0000016fa15635f0 40831       3       java.util.concurrent.CompletableFuture$UniWhenComplete::tryFire (82 bytes)
Event: 325.175 Thread 0x0000016fa15635f0 nmethod 40831 0x0000016f894ad190 code [0x0000016f894ad360, 0x0000016f894ad740]
Event: 325.204 Thread 0x0000016fa15635f0 40832       3       net.minecraft.world.level.lighting.LayerLightSectionStorage::markNewInconsistencies (303 bytes)
Event: 325.205 Thread 0x0000016fa15635f0 nmethod 40832 0x0000016f8890b110 code [0x0000016f8890b5c0, 0x0000016f8890dfb8]

GC Heap History (20 events):
Event: 157.354 GC heap before
{Heap before GC invocations=76 (full 0):
 garbage-first heap   total 3428352K, used 3033099K [0x000000060e000000, 0x0000000800000000)
  region size 4096K, 502 young (2056192K), 29 survivors (118784K)
 Metaspace       used 185646K, committed 187712K, reserved 1245184K
  class space    used 29238K, committed 30144K, reserved 1048576K
}
Event: 157.369 GC heap after
{Heap after GC invocations=77 (full 0):
 garbage-first heap   total 3428352K, used 1116218K [0x000000060e000000, 0x0000000800000000)
  region size 4096K, 33 young (135168K), 33 survivors (135168K)
 Metaspace       used 185646K, committed 187712K, reserved 1245184K
  class space    used 29238K, committed 30144K, reserved 1048576K
}
Event: 162.421 GC heap before
{Heap before GC invocations=78 (full 0):
 garbage-first heap   total 3428352K, used 3033146K [0x000000060e000000, 0x0000000800000000)
  region size 4096K, 502 young (2056192K), 33 survivors (135168K)
 Metaspace       used 185697K, committed 187776K, reserved 1245184K
  class space    used 29238K, committed 30144K, reserved 1048576K
}
Event: 162.437 GC heap after
{Heap after GC invocations=79 (full 0):
 garbage-first heap   total 3428352K, used 1120314K [0x000000060e000000, 0x0000000800000000)
  region size 4096K, 34 young (139264K), 34 survivors (139264K)
 Metaspace       used 185697K, committed 187776K, reserved 1245184K
  class space    used 29238K, committed 30144K, reserved 1048576K
}
Event: 214.479 GC heap before
{Heap before GC invocations=79 (full 0):
 garbage-first heap   total 3428352K, used 3033146K [0x000000060e000000, 0x0000000800000000)
  region size 4096K, 502 young (2056192K), 34 survivors (139264K)
 Metaspace       used 185713K, committed 187776K, reserved 1245184K
  class space    used 29238K, committed 30144K, reserved 1048576K
}
Event: 214.495 GC heap after
{Heap after GC invocations=80 (full 0):
 garbage-first heap   total 3428352K, used 1110721K [0x000000060e000000, 0x0000000800000000)
  region size 4096K, 33 young (135168K), 33 survivors (135168K)
 Metaspace       used 185713K, committed 187776K, reserved 1245184K
  class space    used 29238K, committed 30144K, reserved 1048576K
}
Event: 219.222 GC heap before
{Heap before GC invocations=80 (full 0):
 garbage-first heap   total 3428352K, used 3027649K [0x000000060e000000, 0x0000000800000000)
  region size 4096K, 502 young (2056192K), 33 survivors (135168K)
 Metaspace       used 185750K, committed 187776K, reserved 1245184K
  class space    used 29238K, committed 30144K, reserved 1048576K
}
Event: 219.237 GC heap after
{Heap after GC invocations=81 (full 0):
 garbage-first heap   total 3428352K, used 1116865K [0x000000060e000000, 0x0000000800000000)
  region size 4096K, 34 young (139264K), 34 survivors (139264K)
 Metaspace       used 185750K, committed 187776K, reserved 1245184K
  class space    used 29238K, committed 30144K, reserved 1048576K
}
Event: 237.351 GC heap before
{Heap before GC invocations=82 (full 0):
 garbage-first heap   total 3428352K, used 3029697K [0x000000060e000000, 0x0000000800000000)
  region size 4096K, 502 young (2056192K), 34 survivors (139264K)
 Metaspace       used 185789K, committed 187840K, reserved 1245184K
  class space    used 29238K, committed 30144K, reserved 1048576K
}
Event: 237.364 GC heap after
{Heap after GC invocations=83 (full 0):
 garbage-first heap   total 3428352K, used 1104577K [0x000000060e000000, 0x0000000800000000)
  region size 4096K, 31 young (126976K), 31 survivors (126976K)
 Metaspace       used 185789K, committed 187840K, reserved 1245184K
  class space    used 29238K, committed 30144K, reserved 1048576K
}
Event: 295.142 GC heap before
{Heap before GC invocations=83 (full 0):
 garbage-first heap   total 3428352K, used 3029697K [0x000000060e000000, 0x0000000800000000)
  region size 4096K, 502 young (2056192K), 31 survivors (126976K)
 Metaspace       used 185803K, committed 187840K, reserved 1245184K
  class space    used 29238K, committed 30144K, reserved 1048576K
}
Event: 295.158 GC heap after
{Heap after GC invocations=84 (full 0):
 garbage-first heap   total 3428352K, used 1098395K [0x000000060e000000, 0x0000000800000000)
  region size 4096K, 32 young (131072K), 32 survivors (131072K)
 Metaspace       used 185803K, committed 187840K, reserved 1245184K
  class space    used 29238K, committed 30144K, reserved 1048576K
}
Event: 311.418 GC heap before
{Heap before GC invocations=84 (full 0):
 garbage-first heap   total 3428352K, used 3019419K [0x000000060e000000, 0x0000000800000000)
  region size 4096K, 502 young (2056192K), 32 survivors (131072K)
 Metaspace       used 185831K, committed 187904K, reserved 1245184K
  class space    used 29239K, committed 30144K, reserved 1048576K
}
Event: 311.431 GC heap after
{Heap after GC invocations=85 (full 0):
 garbage-first heap   total 3428352K, used 1088155K [0x000000060e000000, 0x0000000800000000)
  region size 4096K, 30 young (122880K), 30 survivors (122880K)
 Metaspace       used 185831K, committed 187904K, reserved 1245184K
  class space    used 29239K, committed 30144K, reserved 1048576K
}
Event: 314.933 GC heap before
{Heap before GC invocations=86 (full 0):
 garbage-first heap   total 3428352K, used 3017371K [0x000000060e000000, 0x0000000800000000)
  region size 4096K, 502 young (2056192K), 30 survivors (122880K)
 Metaspace       used 185875K, committed 187968K, reserved 1245184K
  class space    used 29240K, committed 30144K, reserved 1048576K
}
Event: 314.946 GC heap after
{Heap after GC invocations=87 (full 0):
 garbage-first heap   total 3428352K, used 1071771K [0x000000060e000000, 0x0000000800000000)
  region size 4096K, 26 young (106496K), 26 survivors (106496K)
 Metaspace       used 185875K, committed 187968K, reserved 1245184K
  class space    used 29240K, committed 30144K, reserved 1048576K
}
Event: 319.030 GC heap before
{Heap before GC invocations=87 (full 0):
 garbage-first heap   total 3428352K, used 3017371K [0x000000060e000000, 0x0000000800000000)
  region size 4096K, 502 young (2056192K), 26 survivors (106496K)
 Metaspace       used 185899K, committed 187968K, reserved 1245184K
  class space    used 29241K, committed 30144K, reserved 1048576K
}
Event: 319.046 GC heap after
{Heap after GC invocations=88 (full 0):
 garbage-first heap   total 3428352K, used 1076700K [0x000000060e000000, 0x0000000800000000)
  region size 4096K, 26 young (106496K), 26 survivors (106496K)
 Metaspace       used 185899K, committed 187968K, reserved 1245184K
  class space    used 29241K, committed 30144K, reserved 1048576K
}
Event: 325.177 GC heap before
{Heap before GC invocations=88 (full 0):
 garbage-first heap   total 3428352K, used 3022300K [0x000000060e000000, 0x0000000800000000)
  region size 4096K, 502 young (2056192K), 26 survivors (106496K)
 Metaspace       used 185963K, committed 188032K, reserved 1245184K
  class space    used 29250K, committed 30144K, reserved 1048576K
}
Event: 325.190 GC heap after
{Heap after GC invocations=89 (full 0):
 garbage-first heap   total 3428352K, used 1089812K [0x000000060e000000, 0x0000000800000000)
  region size 4096K, 28 young (114688K), 28 survivors (114688K)
 Metaspace       used 185963K, committed 188032K, reserved 1245184K
  class space    used 29250K, committed 30144K, reserved 1048576K
}

Dll operation events (20 events):
Event: 1.148 Attempting to load shared library C:\Users\julia\.gradle\jdks\eclipse_adoptium-21-amd64-windows.2\bin\management.dll
Event: 1.149 Loaded shared library C:\Users\julia\.gradle\jdks\eclipse_adoptium-21-amd64-windows.2\bin\management.dll
Event: 1.150 Attempting to load shared library C:\Users\julia\.gradle\jdks\eclipse_adoptium-21-amd64-windows.2\bin\management_ext.dll
Event: 1.150 Loaded shared library C:\Users\julia\.gradle\jdks\eclipse_adoptium-21-amd64-windows.2\bin\management_ext.dll
Event: 1.553 Attempting to load shared library C:\Users\julia\AppData\Local\Temp\lwjgl_julia\3.3.3+5\x64\lwjgl.dll
Event: 1.553 Loaded shared library C:\Users\julia\AppData\Local\Temp\lwjgl_julia\3.3.3+5\x64\lwjgl.dll
Event: 1.781 Attempting to load shared library C:\Users\julia\AppData\Local\Temp\lwjgl_julia\3.3.3+5\x64\lwjgl_stb.dll
Event: 1.782 Loaded shared library C:\Users\julia\AppData\Local\Temp\lwjgl_julia\3.3.3+5\x64\lwjgl_stb.dll
Event: 1.827 Attempting to load shared library C:\Users\julia\AppData\Local\Temp\lwjgl_julia\3.3.3+5\x64\lwjgl_opengl.dll
Event: 1.828 Loaded shared library C:\Users\julia\AppData\Local\Temp\lwjgl_julia\3.3.3+5\x64\lwjgl_opengl.dll
Event: 5.123 Attempting to load shared library C:\Users\julia\AppData\Local\Temp\jna-101485913\jna591057914093990060.dll
Event: 5.134 Loaded shared library C:\Users\julia\AppData\Local\Temp\jna-101485913\jna591057914093990060.dll
Event: 10.032 Attempting to load shared library C:\Users\julia\.gradle\jdks\eclipse_adoptium-21-amd64-windows.2\bin\sunmscapi.dll
Event: 10.033 Loaded shared library C:\Users\julia\.gradle\jdks\eclipse_adoptium-21-amd64-windows.2\bin\sunmscapi.dll
Event: 10.058 Attempting to load shared library C:\Users\julia\.gradle\jdks\eclipse_adoptium-21-amd64-windows.2\bin\extnet.dll
Event: 10.058 Loaded shared library C:\Users\julia\.gradle\jdks\eclipse_adoptium-21-amd64-windows.2\bin\extnet.dll
Event: 11.163 Attempting to load shared library C:\Users\julia\.gradle\jdks\eclipse_adoptium-21-amd64-windows.2\bin\awt.dll
Event: 11.165 Loaded shared library C:\Users\julia\.gradle\jdks\eclipse_adoptium-21-amd64-windows.2\bin\awt.dll
Event: 31.067 Attempting to load shared library C:\Users\julia\Documents\GitHub\create-warfare-simulated\run\.sable\natives\sable_rapier_x86_64_windows.dll
Event: 31.087 Loaded shared library C:\Users\julia\Documents\GitHub\create-warfare-simulated\run\.sable\natives\sable_rapier_x86_64_windows.dll

Deoptimization events (20 events):
Event: 324.675 Thread 0x0000016ff72206c0 DEOPT PACKING pc=0x0000016f9150f92c sp=0x00000027256fe950
Event: 324.675 Thread 0x0000016ff72206c0 DEOPT UNPACKING pc=0x0000016f8fbe7ba2 sp=0x00000027256fe7c0 mode 2
Event: 324.681 Thread 0x0000016ff72206c0 Uncommon trap: trap_request=0xffffff45 fr.pc=0x0000016f91da6008 relative=0x0000000000000068
Event: 324.681 Thread 0x0000016ff72206c0 Uncommon trap: reason=unstable_if action=reinterpret pc=0x0000016f91da6008 method=it.unimi.dsi.fastutil.objects.Object2ObjectOpenHashMap.isEmpty()Z @ 4 c2
Event: 324.681 Thread 0x0000016ff72206c0 DEOPT PACKING pc=0x0000016f91da6008 sp=0x00000027256fe8c0
Event: 324.681 Thread 0x0000016ff72206c0 DEOPT UNPACKING pc=0x0000016f8fbe7ba2 sp=0x00000027256fe850 mode 2
Event: 325.138 Thread 0x0000016ff4940b20 Uncommon trap: trap_request=0xffffff45 fr.pc=0x0000016f90750cb0 relative=0x00000000000004b0
Event: 325.138 Thread 0x0000016ff4940b20 Uncommon trap: reason=unstable_if action=reinterpret pc=0x0000016f90750cb0 method=java.util.concurrent.CompletableFuture$UniWhenComplete.tryFire(I)Ljava/util/concurrent/CompletableFuture; @ 25 c2
Event: 325.138 Thread 0x0000016ff4940b20 DEOPT PACKING pc=0x0000016f90750cb0 sp=0x0000002727dff250
Event: 325.138 Thread 0x0000016ff4940b20 DEOPT UNPACKING pc=0x0000016f8fbe7ba2 sp=0x0000002727dff220 mode 2
Event: 325.163 Thread 0x0000016ff72206c0 DEOPT PACKING pc=0x0000016f888534a8 sp=0x00000027256fe700
Event: 325.163 Thread 0x0000016ff72206c0 DEOPT UNPACKING pc=0x0000016f8fbe86e2 sp=0x00000027256fdbe8 mode 0
Event: 325.204 Thread 0x0000016ffd0fb3e0 Uncommon trap: trap_request=0xffffff45 fr.pc=0x0000016f90a9c0c0 relative=0x0000000000002da0
Event: 325.204 Thread 0x0000016ffd0fb3e0 Uncommon trap: reason=unstable_if action=reinterpret pc=0x0000016f90a9c0c0 method=net.minecraft.world.level.lighting.SkyLightSectionStorage.onNodeRemoved(J)V @ 41 c2
Event: 325.204 Thread 0x0000016ffd0fb3e0 DEOPT PACKING pc=0x0000016f90a9c0c0 sp=0x0000002722bfdd90
Event: 325.204 Thread 0x0000016ffd0fb3e0 DEOPT UNPACKING pc=0x0000016f8fbe7ba2 sp=0x0000002722bfdce0 mode 2
Event: 325.223 Thread 0x0000016ff72206c0 Uncommon trap: trap_request=0xffffff54 fr.pc=0x0000016f90a271c0 relative=0x0000000000000180
Event: 325.223 Thread 0x0000016ff72206c0 Uncommon trap: reason=speculate_null_assert action=make_not_entrant pc=0x0000016f90a271c0 method=dev.ryanhcode.sable.sublevel.storage.holding.SubLevelHoldingChunkMap.processLoad(Lnet/minecraft/world/level/ChunkPos;)V @ 78 c2
Event: 325.223 Thread 0x0000016ff72206c0 DEOPT PACKING pc=0x0000016f90a271c0 sp=0x00000027256fe8c0
Event: 325.223 Thread 0x0000016ff72206c0 DEOPT UNPACKING pc=0x0000016f8fbe7ba2 sp=0x00000027256fe870 mode 2

Classes loaded (20 events):
Event: 36.267 Loading class java/util/concurrent/ConcurrentLinkedQueue$Itr
Event: 36.267 Loading class java/util/concurrent/ConcurrentLinkedQueue$Itr done
Event: 36.340 Loading class java/util/concurrent/LinkedBlockingDeque$Node
Event: 36.340 Loading class java/util/concurrent/LinkedBlockingDeque$Node done
Event: 36.490 Loading class java/nio/channels/Channels$WritableByteChannelImpl
Event: 36.490 Loading class java/nio/channels/Channels$WritableByteChannelImpl done
Event: 36.490 Loading class java/nio/StringCharBuffer
Event: 36.490 Loading class java/nio/StringCharBuffer done
Event: 36.490 Loading class sun/nio/cs/ThreadLocalCoders
Event: 36.490 Loading class sun/nio/cs/ThreadLocalCoders done
Event: 36.490 Loading class sun/nio/cs/ThreadLocalCoders$1
Event: 36.490 Loading class sun/nio/cs/ThreadLocalCoders$Cache
Event: 36.490 Loading class sun/nio/cs/ThreadLocalCoders$Cache done
Event: 36.490 Loading class sun/nio/cs/ThreadLocalCoders$1 done
Event: 36.490 Loading class sun/nio/cs/ThreadLocalCoders$2
Event: 36.490 Loading class sun/nio/cs/ThreadLocalCoders$2 done
Event: 57.942 Loading class java/util/WeakHashMap$KeySpliterator
Event: 57.942 Loading class java/util/WeakHashMap$WeakHashMapSpliterator
Event: 57.942 Loading class java/util/WeakHashMap$WeakHashMapSpliterator done
Event: 57.942 Loading class java/util/WeakHashMap$KeySpliterator done

Classes unloaded (20 events):
Event: 16.433 Thread 0x0000016fa1506490 Unloading class 0x0000016fa47da000 'java/lang/invoke/LambdaForm$MH+0x0000016fa47da000'
Event: 16.433 Thread 0x0000016fa1506490 Unloading class 0x0000016fa47d9800 'java/lang/invoke/LambdaForm$DMH+0x0000016fa47d9800'
Event: 16.433 Thread 0x0000016fa1506490 Unloading class 0x0000016fa47d9400 'java/lang/invoke/LambdaForm$DMH+0x0000016fa47d9400'
Event: 16.433 Thread 0x0000016fa1506490 Unloading class 0x0000016fa47d9000 'java/lang/invoke/LambdaForm$DMH+0x0000016fa47d9000'
Event: 16.433 Thread 0x0000016fa1506490 Unloading class 0x0000016fa47d8800 'java/lang/invoke/LambdaForm$DMH+0x0000016fa47d8800'
Event: 16.433 Thread 0x0000016fa1506490 Unloading class 0x0000016fa47d8400 'java/lang/invoke/LambdaForm$DMH+0x0000016fa47d8400'
Event: 16.433 Thread 0x0000016fa1506490 Unloading class 0x0000016fa47a1c00 'java/lang/invoke/LambdaForm$DMH+0x0000016fa47a1c00'
Event: 16.433 Thread 0x0000016fa1506490 Unloading class 0x0000016fa4798c00 'java/lang/invoke/LambdaForm$DMH+0x0000016fa4798c00'
Event: 16.433 Thread 0x0000016fa1506490 Unloading class 0x0000016fa475a000 'java/lang/invoke/LambdaForm$MH+0x0000016fa475a000'
Event: 16.433 Thread 0x0000016fa1506490 Unloading class 0x0000016fa4759800 'java/lang/invoke/LambdaForm$DMH+0x0000016fa4759800'
Event: 16.433 Thread 0x0000016fa1506490 Unloading class 0x0000016fa4759000 'java/lang/invoke/LambdaForm$DMH+0x0000016fa4759000'
Event: 16.433 Thread 0x0000016fa1506490 Unloading class 0x0000016fa4758800 'java/lang/invoke/LambdaForm$DMH+0x0000016fa4758800'
Event: 30.325 Thread 0x0000016fa1506490 Unloading class 0x0000016fa4949000 'java/lang/invoke/LambdaForm$MH+0x0000016fa4949000'
Event: 30.325 Thread 0x0000016fa1506490 Unloading class 0x0000016fa482c400 'java/lang/invoke/LambdaForm$DMH+0x0000016fa482c400'
Event: 123.547 Thread 0x0000016fa1506490 Unloading class 0x0000016fa4d28800 'java/lang/invoke/LambdaForm$MH+0x0000016fa4d28800'
Event: 123.547 Thread 0x0000016fa1506490 Unloading class 0x0000016fa4d28400 'java/lang/invoke/LambdaForm$MH+0x0000016fa4d28400'
Event: 123.547 Thread 0x0000016fa1506490 Unloading class 0x0000016fa4d25c00 'java/lang/invoke/LambdaForm$DMH+0x0000016fa4d25c00'
Event: 123.547 Thread 0x0000016fa1506490 Unloading class 0x0000016fa4d25800 'java/lang/invoke/LambdaForm$DMH+0x0000016fa4d25800'
Event: 123.547 Thread 0x0000016fa1506490 Unloading class 0x0000016fa4d25000 'java/lang/invoke/LambdaForm$DMH+0x0000016fa4d25000'
Event: 123.547 Thread 0x0000016fa1506490 Unloading class 0x0000016fa4d24800 'java/lang/invoke/LambdaForm$DMH+0x0000016fa4d24800'

Classes redefined (0 events):
No events

Internal exceptions (20 events):
Event: 325.191 Thread 0x0000016fe79c6160 Exception <a 'sun/nio/fs/WindowsException'{0x00000007ff7b4950}> (0x00000007ff7b4950) 
thrown [s\src\hotspot\share\prims\jni.cpp, line 520]
Event: 325.191 Thread 0x0000016ff43928c0 Exception <a 'sun/nio/fs/WindowsException'{0x00000007ff7fc250}> (0x00000007ff7fc250) 
thrown [s\src\hotspot\share\prims\jni.cpp, line 520]
Event: 325.192 Thread 0x0000016fe79c6160 Exception <a 'sun/nio/fs/WindowsException'{0x00000007ff7b98c0}> (0x00000007ff7b98c0) 
thrown [s\src\hotspot\share\prims\jni.cpp, line 520]
Event: 325.192 Thread 0x0000017084dc84a0 Exception <a 'sun/nio/fs/WindowsException'{0x00000007fe6648a8}> (0x00000007fe6648a8) 
thrown [s\src\hotspot\share\prims\jni.cpp, line 520]
Event: 325.226 Thread 0x0000017084dc84a0 Exception <a 'sun/nio/fs/WindowsException'{0x00000007fe669f98}> (0x00000007fe669f98) 
thrown [s\src\hotspot\share\prims\jni.cpp, line 520]
Event: 325.227 Thread 0x0000016ff43928c0 Exception <a 'sun/nio/fs/WindowsException'{0x00000006ec4d3428}> (0x00000006ec4d3428) 
thrown [s\src\hotspot\share\prims\jni.cpp, line 520]
Event: 325.227 Thread 0x0000017084dc84a0 Exception <a 'sun/nio/fs/WindowsException'{0x00000007fe66f0f0}> (0x00000007fe66f0f0) 
thrown [s\src\hotspot\share\prims\jni.cpp, line 520]
Event: 325.227 Thread 0x0000016ff43928c0 Exception <a 'sun/nio/fs/WindowsException'{0x00000006ec4d8580}> (0x00000006ec4d8580) 
thrown [s\src\hotspot\share\prims\jni.cpp, line 520]
Event: 325.228 Thread 0x0000016ff43928c0 Exception <a 'sun/nio/fs/WindowsException'{0x00000006ec4dd4d8}> (0x00000006ec4dd4d8) 
thrown [s\src\hotspot\share\prims\jni.cpp, line 520]
Event: 325.228 Thread 0x0000016ff43928c0 Exception <a 'sun/nio/fs/WindowsException'{0x00000006ec4e2450}> (0x00000006ec4e2450) 
thrown [s\src\hotspot\share\prims\jni.cpp, line 520]
Event: 325.228 Thread 0x0000017084dc84a0 Exception <a 'sun/nio/fs/WindowsException'{0x00000007fe674468}> (0x00000007fe674468) 
thrown [s\src\hotspot\share\prims\jni.cpp, line 520]
Event: 325.229 Thread 0x0000017084dc84a0 Exception <a 'sun/nio/fs/WindowsException'{0x00000007fe6793b0}> (0x00000007fe6793b0) 
thrown [s\src\hotspot\share\prims\jni.cpp, line 520]
Event: 325.229 Thread 0x0000016ff43928c0 Exception <a 'sun/nio/fs/WindowsException'{0x00000006ec4e7698}> (0x00000006ec4e7698) 
thrown [s\src\hotspot\share\prims\jni.cpp, line 520]
Event: 325.229 Thread 0x0000016ff43928c0 Exception <a 'sun/nio/fs/WindowsException'{0x00000006ec4ec5e0}> (0x00000006ec4ec5e0) 
thrown [s\src\hotspot\share\prims\jni.cpp, line 520]
Event: 325.230 Thread 0x0000016ff43928c0 Exception <a 'sun/nio/fs/WindowsException'{0x00000006ec4f1528}> (0x00000006ec4f1528) 
thrown [s\src\hotspot\share\prims\jni.cpp, line 520]
Event: 325.230 Thread 0x0000017084dc84a0 Exception <a 'sun/nio/fs/WindowsException'{0x00000007fe67e5f8}> (0x00000007fe67e5f8) 
thrown [s\src\hotspot\share\prims\jni.cpp, line 520]
Event: 325.231 Thread 0x0000016ff43928c0 Exception <a 'sun/nio/fs/WindowsException'{0x00000006e7f4e9a8}> (0x00000006e7f4e9a8) 
thrown [s\src\hotspot\share\prims\jni.cpp, line 520]
Event: 325.231 Thread 0x0000017084dc84a0 Exception <a 'sun/nio/fs/WindowsException'{0x00000007fe6835d0}> (0x00000007fe6835d0) 
thrown [s\src\hotspot\share\prims\jni.cpp, line 520]
Event: 325.231 Thread 0x0000016ff43928c0 Exception <a 'sun/nio/fs/WindowsException'{0x00000006e7f53980}> (0x00000006e7f53980) 
thrown [s\src\hotspot\share\prims\jni.cpp, line 520]
Event: 325.232 Thread 0x0000017084dc84a0 Exception <a 'sun/nio/fs/WindowsException'{0x00000007fe688550}> (0x00000007fe688550) 
thrown [s\src\hotspot\share\prims\jni.cpp, line 520]

ZGC Phase Switch (0 events):
No events

VM Operations (20 events):
Event: 317.947 Executing safepoint VM operation: Cleanup
Event: 317.947 Executing safepoint VM operation: Cleanup done
Event: 318.947 Executing safepoint VM operation: Cleanup
Event: 318.947 Executing safepoint VM operation: Cleanup done
Event: 319.030 Executing safepoint VM operation: G1CollectForAllocation (G1 Evacuation Pause)
Event: 319.046 Executing safepoint VM operation: G1CollectForAllocation (G1 Evacuation Pause) done
Event: 320.047 Executing safepoint VM operation: Cleanup
Event: 320.047 Executing safepoint VM operation: Cleanup done
Event: 321.047 Executing safepoint VM operation: Cleanup
Event: 321.047 Executing safepoint VM operation: Cleanup done
Event: 322.047 Executing safepoint VM operation: Cleanup
Event: 322.047 Executing safepoint VM operation: Cleanup done
Event: 323.047 Executing safepoint VM operation: Cleanup
Event: 323.048 Executing safepoint VM operation: Cleanup done
Event: 324.048 Executing safepoint VM operation: Cleanup
Event: 324.048 Executing safepoint VM operation: Cleanup done
Event: 325.049 Executing safepoint VM operation: Cleanup
Event: 325.049 Executing safepoint VM operation: Cleanup done
Event: 325.177 Executing safepoint VM operation: G1CollectForAllocation (G1 Evacuation Pause)
Event: 325.190 Executing safepoint VM operation: G1CollectForAllocation (G1 Evacuation Pause) done

Memory protections (0 events):
No events

Nmethod flushes (20 events):
Event: 311.650 Thread 0x0000016fa1506490 flushing  nmethod 0x0000016f89d78890
Event: 311.650 Thread 0x0000016fa1506490 flushing  nmethod 0x0000016f8a534390
Event: 311.650 Thread 0x0000016fa1506490 flushing  nmethod 0x0000016f88a0f690
Event: 311.650 Thread 0x0000016fa1506490 flushing  nmethod 0x0000016f88a12410
Event: 311.650 Thread 0x0000016fa1506490 flushing  nmethod 0x0000016f88b7a210
Event: 311.650 Thread 0x0000016fa1506490 flushing  nmethod 0x0000016f88c94890
Event: 311.650 Thread 0x0000016fa1506490 flushing  nmethod 0x0000016f88fcda90
Event: 311.650 Thread 0x0000016fa1506490 flushing  nmethod 0x0000016f89321190
Event: 311.650 Thread 0x0000016fa1506490 flushing  nmethod 0x0000016f89454910
Event: 311.650 Thread 0x0000016fa1506490 flushing  nmethod 0x0000016f897d4310
Event: 311.650 Thread 0x0000016fa1506490 flushing  nmethod 0x0000016f89ca6210
Event: 311.650 Thread 0x0000016fa1506490 flushing  nmethod 0x0000016f89caaf10
Event: 311.650 Thread 0x0000016fa1506490 flushing  nmethod 0x0000016f8ab06e90
Event: 311.650 Thread 0x0000016fa1506490 flushing  nmethod 0x0000016f8b0aed10
Event: 311.650 Thread 0x0000016fa1506490 flushing  nmethod 0x0000016f8b339c10
Event: 311.650 Thread 0x0000016fa1506490 flushing  nmethod 0x0000016f8b3de310
Event: 311.650 Thread 0x0000016fa1506490 flushing  nmethod 0x0000016f8b3de710
Event: 311.650 Thread 0x0000016fa1506490 flushing  nmethod 0x0000016f8b3e2110
Event: 311.650 Thread 0x0000016fa1506490 flushing  nmethod 0x0000016f8b622210
Event: 311.650 Thread 0x0000016fa1506490 flushing  nmethod 0x0000016f8b8e0410

Events (20 events):
Event: 277.778 Thread 0x0000017084dc4990 Thread exited: 0x0000017084dc4990
Event: 279.302 Thread 0x0000016fa1556630 Thread added: 0x0000016fe83cac30
Event: 279.302 Thread 0x0000016fa1556630 Thread added: 0x0000016fe83c9e90
Event: 282.934 Thread 0x0000016feb18e4a0 Thread exited: 0x0000016feb18e4a0
Event: 283.002 Thread 0x0000016fe83c9e90 Thread exited: 0x0000016fe83c9e90
Event: 283.007 Thread 0x0000017084dc4300 Thread exited: 0x0000017084dc4300
Event: 283.068 Thread 0x0000016fe79c0c10 Thread exited: 0x0000016fe79c0c10
Event: 286.850 Thread 0x0000016fe83cac30 Thread exited: 0x0000016fe83cac30
Event: 288.376 Thread 0x0000016fe79c6160 Thread added: 0x0000016ff43928c0
Event: 289.082 Thread 0x0000016fe897f4c0 Thread added: 0x0000016ff4392f50
Event: 290.892 Thread 0x0000016fe79c6160 Thread added: 0x0000016ff4390160
Event: 303.076 Thread 0x0000016fe897ee30 Thread exited: 0x0000016fe897ee30
Event: 306.975 Thread 0x0000016fa15635f0 Thread added: 0x0000016fe83c9e90
Event: 307.134 Thread 0x0000016fe83c9e90 Thread exited: 0x0000016fe83c9e90
Event: 311.882 Thread 0x0000016ff4390160 Thread added: 0x0000017084dc84a0
Event: 312.332 Thread 0x0000016fa1556630 Thread added: 0x0000016fe83cac30
Event: 312.497 Thread 0x0000016fe83cac30 Thread exited: 0x0000016fe83cac30
Event: 315.530 Thread 0x0000016fa1556630 Thread added: 0x0000016fe83cac30
Event: 315.726 Thread 0x0000016fe83cac30 Thread exited: 0x0000016fe83cac30
Event: 316.770 Thread 0x0000016ff493dd30 Thread exited: 0x0000016ff493dd30


Dynamic libraries:
0x00007ff61b1f0000 - 0x00007ff61b1fe000 	C:\Users\julia\.gradle\jdks\eclipse_adoptium-21-amd64-windows.2\bin\java.exe
0x00007ffc12920000 - 0x00007ffc12b87000 	C:\WINDOWS\SYSTEM32\ntdll.dll
0x00007ffc11620000 - 0x00007ffc116eb000 	C:\WINDOWS\System32\KERNEL32.DLL
0x00007ffc10230000 - 0x00007ffc10632000 	C:\WINDOWS\System32\KERNELBASE.dll
0x00007ffc10010000 - 0x00007ffc1015c000 	C:\WINDOWS\System32\ucrtbase.dll
0x00007ffbd70b0000 - 0x00007ffbd70c8000 	C:\Users\julia\.gradle\jdks\eclipse_adoptium-21-amd64-windows.2\bin\jli.dll
0x00007ffbd7090000 - 0x00007ffbd70ae000 	C:\Users\julia\.gradle\jdks\eclipse_adoptium-21-amd64-windows.2\bin\VCRUNTIME140.dll
0x00007ffc113e0000 - 0x00007ffc115af000 	C:\WINDOWS\System32\USER32.dll
0x00007ffc0feb0000 - 0x00007ffc0fed7000 	C:\WINDOWS\System32\win32u.dll
0x00007ffc10840000 - 0x00007ffc1086b000 	C:\WINDOWS\System32\GDI32.dll
0x00007ffbdf750000 - 0x00007ffbdf9e0000 	C:\WINDOWS\WinSxS\amd64_microsoft.windows.common-controls_6595b64144ccf1df_6.0.26100.9278_none_3e0d1ba8e3303201\COMCTL32.dll
0x00007ffc0fee0000 - 0x00007ffc10009000 	C:\WINDOWS\System32\gdi32full.dll
0x00007ffc0fb20000 - 0x00007ffc0fbc3000 	C:\WINDOWS\System32\msvcp_win.dll
0x00007ffc11d10000 - 0x00007ffc11db9000 	C:\WINDOWS\System32\msvcrt.dll
0x00007ffc113a0000 - 0x00007ffc113d1000 	C:\WINDOWS\System32\IMM32.DLL
0x00007ffbe52b0000 - 0x00007ffbe52bc000 	C:\Users\julia\.gradle\jdks\eclipse_adoptium-21-amd64-windows.2\bin\vcruntime140_1.dll
0x00007ffbb7360000 - 0x00007ffbb73ed000 	C:\Users\julia\.gradle\jdks\eclipse_adoptium-21-amd64-windows.2\bin\msvcp140.dll
0x00007ffb74550000 - 0x00007ffb752f2000 	C:\Users\julia\.gradle\jdks\eclipse_adoptium-21-amd64-windows.2\bin\server\jvm.dll
0x00007ffc10d20000 - 0x00007ffc10ddc000 	C:\WINDOWS\System32\ADVAPI32.dll
0x00007ffc10880000 - 0x00007ffc10929000 	C:\WINDOWS\System32\sechost.dll
0x00007ffc127c0000 - 0x00007ffc128d8000 	C:\WINDOWS\System32\RPCRT4.dll
0x00007ffc10640000 - 0x00007ffc106c0000 	C:\WINDOWS\System32\WS2_32.dll
0x00007ffc0f7c0000 - 0x00007ffc0f81e000 	C:\WINDOWS\SYSTEM32\POWRPROF.dll
0x00007ffc081a0000 - 0x00007ffc081ab000 	C:\WINDOWS\SYSTEM32\VERSION.dll
0x00007ffc03210000 - 0x00007ffc03246000 	C:\WINDOWS\SYSTEM32\WINMM.dll
0x00007ffc0f7a0000 - 0x00007ffc0f7b5000 	C:\WINDOWS\SYSTEM32\UMPDC.dll
0x00007ffc0e7b0000 - 0x00007ffc0e7cb000 	C:\WINDOWS\SYSTEM32\kernel.appcore.dll
0x00007ffbd6e70000 - 0x00007ffbd6e7a000 	C:\Users\julia\.gradle\jdks\eclipse_adoptium-21-amd64-windows.2\bin\jimage.dll
0x00007ffc06000000 - 0x00007ffc0624c000 	C:\WINDOWS\SYSTEM32\DBGHELP.DLL
0x00007ffc10df0000 - 0x00007ffc11175000 	C:\WINDOWS\System32\combase.dll
0x00007ffc10760000 - 0x00007ffc10839000 	C:\WINDOWS\System32\OLEAUT32.dll
0x00007ffc04da0000 - 0x00007ffc04ddb000 	C:\WINDOWS\SYSTEM32\dbgcore.DLL
0x00007ffc0fdf0000 - 0x00007ffc0fe9c000 	C:\WINDOWS\System32\bcryptPrimitives.dll
0x00007ffbd6d90000 - 0x00007ffbd6db0000 	C:\Users\julia\.gradle\jdks\eclipse_adoptium-21-amd64-windows.2\bin\java.dll
0x00007ffc12010000 - 0x00007ffc127a8000 	C:\WINDOWS\System32\SHELL32.dll
0x00007ffc0d560000 - 0x00007ffc0de0e000 	C:\WINDOWS\SYSTEM32\windows.storage.dll
0x00007ffc10c20000 - 0x00007ffc10d1b000 	C:\WINDOWS\System32\SHCORE.dll
0x00007ffc11f70000 - 0x00007ffc11fd6000 	C:\WINDOWS\System32\shlwapi.dll
0x00007ffc0fa40000 - 0x00007ffc0fa69000 	C:\WINDOWS\SYSTEM32\profapi.dll
0x00007ffb9b750000 - 0x00007ffb9b827000 	C:\Users\julia\.gradle\jdks\eclipse_adoptium-21-amd64-windows.2\bin\jsvml.dll
0x00007ffbd6e60000 - 0x00007ffbd6e70000 	C:\Users\julia\.gradle\jdks\eclipse_adoptium-21-amd64-windows.2\bin\net.dll
0x00007ffc07c10000 - 0x00007ffc07d3a000 	C:\WINDOWS\SYSTEM32\WINHTTP.dll
0x00007ffc0ed50000 - 0x00007ffc0edbc000 	C:\WINDOWS\system32\mswsock.dll
0x00007ffbd69c0000 - 0x00007ffbd69d6000 	C:\Users\julia\.gradle\jdks\eclipse_adoptium-21-amd64-windows.2\bin\nio.dll
0x00007ffbd42a0000 - 0x00007ffbd42b8000 	C:\Users\julia\.gradle\jdks\eclipse_adoptium-21-amd64-windows.2\bin\zip.dll
0x00007ffbd68c0000 - 0x00007ffbd68d0000 	C:\Users\julia\.gradle\jdks\eclipse_adoptium-21-amd64-windows.2\bin\verify.dll
0x00007ffbd4040000 - 0x00007ffbd404a000 	C:\Users\julia\.gradle\jdks\eclipse_adoptium-21-amd64-windows.2\bin\management.dll
0x00007ffbd4030000 - 0x00007ffbd403c000 	C:\Users\julia\.gradle\jdks\eclipse_adoptium-21-amd64-windows.2\bin\management_ext.dll
0x00007ffc11d00000 - 0x00007ffc11d08000 	C:\WINDOWS\System32\PSAPI.DLL
0x00007ffbe7840000 - 0x00007ffbe7858000 	C:\WINDOWS\system32\napinsp.dll
0x00007ffc0e1f0000 - 0x00007ffc0e348000 	C:\WINDOWS\SYSTEM32\DNSAPI.dll
0x00007ffc0eb70000 - 0x00007ffc0eb7d000 	C:\WINDOWS\SYSTEM32\DSPARSE.dll
0x00007ffc0e160000 - 0x00007ffc0e193000 	C:\WINDOWS\SYSTEM32\IPHLPAPI.DLL
0x00007ffc127b0000 - 0x00007ffc127ba000 	C:\WINDOWS\System32\NSI.dll
0x00007ffbe63d0000 - 0x00007ffbe63e3000 	C:\WINDOWS\System32\winrnr.dll
0x00007ffbddd00000 - 0x00007ffbddd27000 	C:\WINDOWS\system32\nlansp_c.dll
0x00007ffc07780000 - 0x00007ffc07796000 	C:\WINDOWS\system32\wshbth.dll
0x00007ffc088a0000 - 0x00007ffc088ab000 	C:\Windows\System32\rasadhlp.dll
0x00007ffc07150000 - 0x00007ffc071d6000 	C:\WINDOWS\System32\fwpuclnt.dll
0x00007ffb9c160000 - 0x00007ffb9c1db000 	C:\Users\julia\AppData\Local\Temp\lwjgl_julia\3.3.3+5\x64\lwjgl.dll
0x00007ffb94d40000 - 0x00007ffb94dc2000 	C:\Users\julia\AppData\Local\Temp\lwjgl_julia\3.3.3+5\x64\glfw.dll
0x00007ffbd0ae0000 - 0x00007ffbd0b2b000 	C:\WINDOWS\SYSTEM32\dinput8.dll
0x00007ffc01940000 - 0x00007ffc0195b000 	C:\WINDOWS\SYSTEM32\xinput1_4.dll
0x00007ffc0f6c0000 - 0x00007ffc0f712000 	C:\WINDOWS\SYSTEM32\cfgmgr32.dll
0x00007ffc0f740000 - 0x00007ffc0f76f000 	C:\WINDOWS\SYSTEM32\DEVOBJ.dll
0x00007ffc0ce90000 - 0x00007ffc0cebf000 	C:\WINDOWS\SYSTEM32\dwmapi.dll
0x00007ffbd7360000 - 0x00007ffbd7543000 	C:\WINDOWS\SYSTEM32\inputhost.dll
0x00007ffc0c6d0000 - 0x00007ffc0c7fb000 	C:\WINDOWS\SYSTEM32\CoreMessaging.dll
0x00007ffc0cc00000 - 0x00007ffc0cca8000 	C:\WINDOWS\system32\uxtheme.dll
0x00007ffc11710000 - 0x00007ffc1186b000 	C:\WINDOWS\System32\MSCTF.dll
0x00007ffc0efb0000 - 0x00007ffc0efbc000 	C:\WINDOWS\SYSTEM32\CRYPTBASE.DLL
0x00007ffbb7dc0000 - 0x00007ffbb7ecc000 	C:\WINDOWS\SYSTEM32\opengl32.dll
0x00007ffbb7cc0000 - 0x00007ffbb7ced000 	C:\WINDOWS\SYSTEM32\GLU32.dll
0x00007ffc0cce0000 - 0x00007ffc0cd24000 	C:\WINDOWS\SYSTEM32\dxcore.dll
0x00007ffbf2a00000 - 0x00007ffbf2a1e000 	C:\WINDOWS\SYSTEM32\windows.staterepositorycore.dll
0x00007ffb70770000 - 0x00007ffb73608000 	C:\WINDOWS\System32\DriverStore\FileRepository\nv_dispi.inf_amd64_a3944b54ff18b284\nvoglv64.dll
0x00007ffc11870000 - 0x00007ffc11cf7000 	C:\WINDOWS\System32\SETUPAPI.dll
0x00007ffc11180000 - 0x00007ffc1131a000 	C:\WINDOWS\System32\ole32.dll
0x00007ffc0cba0000 - 0x00007ffc0cbca000 	C:\WINDOWS\SYSTEM32\WTSAPI32.dll
0x00007ffc0fbd0000 - 0x00007ffc0fd4e000 	C:\WINDOWS\System32\CRYPT32.dll
0x00007ffc0ea70000 - 0x00007ffc0eab9000 	C:\WINDOWS\SYSTEM32\SspiCli.dll
0x00007ffc0f150000 - 0x00007ffc0f163000 	C:\WINDOWS\SYSTEM32\msasn1.dll
0x00007ffc07110000 - 0x00007ffc0714b000 	C:\WINDOWS\SYSTEM32\cryptnet.dll
0x00007ffc0f070000 - 0x00007ffc0f0da000 	C:\WINDOWS\SYSTEM32\wldp.dll
0x00007ffc06f90000 - 0x00007ffc0710a000 	C:\WINDOWS\SYSTEM32\drvstore.dll
0x00007ffc0e8e0000 - 0x00007ffc0e916000 	C:\WINDOWS\SYSTEM32\ntmarta.dll
0x00007ffc0fd60000 - 0x00007ffc0fde2000 	C:\WINDOWS\System32\WINTRUST.dll
0x00007ffc11fe0000 - 0x00007ffc12000000 	C:\WINDOWS\System32\imagehlp.dll
0x00007ffc0f0f0000 - 0x00007ffc0f10b000 	C:\WINDOWS\System32\CRYPTSP.dll
0x00007ffc0e710000 - 0x00007ffc0e749000 	C:\WINDOWS\system32\rsaenh.dll
0x00007ffc0fa10000 - 0x00007ffc0fa3a000 	C:\WINDOWS\System32\bcrypt.dll
0x00007ffbf5db0000 - 0x00007ffbfc757000 	C:\WINDOWS\System32\DriverStore\FileRepository\nv_dispi.inf_amd64_a3944b54ff18b284\nvgpucomp64.dll
0x00007ffbc1550000 - 0x00007ffbc16b4000 	C:\WINDOWS\system32\nvspcap64.dll
0x00007ffc0f630000 - 0x00007ffc0f694000 	C:\WINDOWS\SYSTEM32\WINSTA.dll
0x00007ffb87e40000 - 0x00007ffb880b0000 	C:\Users\julia\AppData\Local\Temp\lwjgl_julia\3.3.3+5\x64\jemalloc.dll
0x00007ffb94af0000 - 0x00007ffb94b72000 	C:\Users\julia\AppData\Local\Temp\lwjgl_julia\3.3.3+5\x64\lwjgl_stb.dll
0x00007ffbe5690000 - 0x00007ffbe574f000 	C:\WINDOWS\SYSTEM32\mscms.dll
0x00007ffc0a780000 - 0x00007ffc0a7cb000 	C:\WINDOWS\SYSTEM32\icm32.dll
0x00007ffbe5540000 - 0x00007ffbe5682000 	C:\WINDOWS\SYSTEM32\textinputframework.dll
0x00007ffbc2b70000 - 0x00007ffbc2bce000 	C:\Users\julia\AppData\Local\Temp\lwjgl_julia\3.3.3+5\x64\lwjgl_opengl.dll
0x00007ffc04de0000 - 0x00007ffc04e38000 	C:\WINDOWS\SYSTEM32\pdh.dll
0x00007ffbdc9a0000 - 0x00007ffbdc9b2000 	C:\WINDOWS\System32\perfproc.dll
0x00007ffbdcd30000 - 0x00007ffbdcd41000 	C:\WINDOWS\System32\perfos.dll
0x00007ffc0aa90000 - 0x00007ffc0aaa2000 	C:\WINDOWS\SYSTEM32\pfclient.dll
0x00007ffc0ee00000 - 0x00007ffc0ee34000 	C:\WINDOWS\SYSTEM32\USERENV.dll
0x00007ffbcd020000 - 0x00007ffbcd065000 	C:\Users\julia\AppData\Local\Temp\jna-101485913\jna591057914093990060.dll
0x00007ffc10b60000 - 0x00007ffc10c0e000 	C:\WINDOWS\System32\clbcatq.dll
0x00007ffbdc8f0000 - 0x00007ffbdc902000 	C:\WINDOWS\system32\wbem\wbemprox.dll
0x00007ffbe7f60000 - 0x00007ffbe7fda000 	C:\WINDOWS\SYSTEM32\wbemcomn.dll
0x00007ffc05f80000 - 0x00007ffc05f95000 	C:\WINDOWS\system32\wbem\wbemsvc.dll
0x00007ffbdc160000 - 0x00007ffbdc255000 	C:\WINDOWS\system32\wbem\fastprox.dll
0x00007ffbd49f0000 - 0x00007ffbd4a0d000 	C:\WINDOWS\SYSTEM32\amsi.dll
0x00007ffbd4310000 - 0x00007ffbd43b4000 	C:\ProgramData\Microsoft\Windows Defender\Platform\4.18.26080.4-0\MpOav.dll
0x00007ffbd38a0000 - 0x00007ffbd39a0000 	C:\Program Files\Norton\Suite\aswAMSI.dll
0x00007ffbd4290000 - 0x00007ffbd429e000 	C:\Users\julia\.gradle\jdks\eclipse_adoptium-21-amd64-windows.2\bin\sunmscapi.dll
0x00007ffc0f2d0000 - 0x00007ffc0f300000 	C:\WINDOWS\SYSTEM32\ncrypt.dll
0x00007ffc0f280000 - 0x00007ffc0f2bf000 	C:\WINDOWS\SYSTEM32\NTASN1.dll
0x00007ffbd69b0000 - 0x00007ffbd69b9000 	C:\Users\julia\.gradle\jdks\eclipse_adoptium-21-amd64-windows.2\bin\extnet.dll
0x00007ffb8ce70000 - 0x00007ffb8cfff000 	C:\Users\julia\.gradle\jdks\eclipse_adoptium-21-amd64-windows.2\bin\awt.dll
0x00007ffc0caf0000 - 0x00007ffc0cb8f000 	C:\WINDOWS\SYSTEM32\apphelp.dll
0x00007ffb87c70000 - 0x00007ffb87e37000 	C:\Users\julia\AppData\Local\Temp\lwjgl_julia\3.3.3+5\x64\OpenAL.dll
0x00007ffc078e0000 - 0x00007ffc07985000 	C:\WINDOWS\System32\MMDevApi.dll
0x00007ffbcace0000 - 0x00007ffbcae53000 	C:\WINDOWS\System32\Speech\Common\sapi.dll
0x00007ffbe49c0000 - 0x00007ffbe49c8000 	C:\WINDOWS\system32\wshunix.dll
0x00007ffc02c40000 - 0x00007ffc02df7000 	C:\WINDOWS\SYSTEM32\AUDIOSES.DLL
0x00007ffc0d210000 - 0x00007ffc0d224000 	C:\WINDOWS\SYSTEM32\resourcepolicyclient.dll
0x00007ffc08dd0000 - 0x00007ffc090b4000 	C:\WINDOWS\SYSTEM32\CoreUIComponents.dll
0x00007ffc09910000 - 0x00007ffc09a7a000 	C:\WINDOWS\SYSTEM32\wintypes.dll

JVMTI agents: none

dbghelp: loaded successfully - version: 4.0.5 - missing functions: none
symbol engine: initialized successfully - sym options: 0x614 - pdb path: .;C:\Users\julia\.gradle\jdks\eclipse_adoptium-21-amd64-windows.2\bin;C:\WINDOWS\SYSTEM32;C:\WINDOWS\WinSxS\amd64_microsoft.windows.common-controls_6595b64144ccf1df_6.0.26100.9278_none_3e0d1ba8e3303201;C:\Users\julia\.gradle\jdks\eclipse_adoptium-21-amd64-windows.2\bin\server;C:\Users\julia\AppData\Local\Temp\lwjgl_julia\3.3.3+5\x64;C:\WINDOWS\System32\DriverStore\FileRepository\nv_dispi.inf_amd64_a3944b54ff18b284;C:\Users\julia\AppData\Local\Temp\jna-101485913;C:\WINDOWS\system32\wbem;C:\ProgramData\Microsoft\Windows Defender\Platform\4.18.26080.4-0;C:\Program Files\Norton\Suite;C:\WINDOWS\System32\Speech\Common;C:\Users\julia\Documents\GitHub\create-warfare-simulated\run\.sable\natives

VM Arguments:
jvm_args: -Dfml.modFolders=createwarfare%%C:\\Users\\julia\\Documents\\GitHub\\create-warfare-simulated\\build\\classes\\java\\main;createwarfare%%C:\\Users\\julia\\Documents\\GitHub\\create-warfare-simulated\\build\\resources\\main --module-path=C:\\Users\\julia\\.gradle\\caches\\modules-2\\files-2.1\\net.neoforged\\JarJarFileSystems\\0.4.1\\78f59f89defcd032ed788b151ca6a0d40ace796a\\JarJarFileSystems-0.4.1.jar;C:\\Users\\julia\\.gradle\\caches\\modules-2\\files-2.1\\cpw.mods\\bootstraplauncher\\2.0.2\\1a2d076cbc33b0520cbacd591224427b2a20047d\\bootstraplauncher-2.0.2.jar;C:\\Users\\julia\\.gradle\\caches\\modules-2\\files-2.1\\cpw.mods\\securejarhandler\\3.0.8\\c0ef95cecd8699a0449053ac7d9c160748d902cd\\securejarhandler-3.0.8.jar;C:\\Users\\julia\\.gradle\\caches\\modules-2\\files-2.1\\org.ow2.asm\\asm-commons\\9.10.1\\4229e4c55fd8e01c23f9fe9884075cc628aacc50\\asm-commons-9.10.1.jar;C:\\Users\\julia\\.gradle\\caches\\modules-2\\files-2.1\\org.ow2.asm\\asm-util\\9.10.1\\7bb9d450e8d4cbf9f9e04096c44bbfe7fba80b15\\asm-util-9.10.1.jar;C:\\Users\\julia\\.gradle\\caches\\modules-2\\files-2.1\\org.ow2.asm\\asm-analysis\\9.10.1\\8d49f14d51f632cb1d87c88d1ceaf50db0d8af1b\\asm-analysis-9.10.1.jar;C:\\Users\\julia\\.gradle\\caches\\modules-2\\files-2.1\\org.ow2.asm\\asm-tree\\9.10.1\\e244332a17564c1d1572449399a842de35881be2\\asm-tree-9.10.1.jar;C:\\Users\\julia\\.gradle\\caches\\modules-2\\files-2.1\\org.ow2.asm\\asm\\9.10.1\\ada2141c0cc52ee8f5c48cd5fa4ce0e794f22236\\asm-9.10.1.jar --add-modules=ALL-MODULE-PATH --add-opens=java.base/java.util.jar=cpw.mods.securejarhandler --add-opens=java.base/java.lang.invoke=cpw.mods.securejarhandler --add-exports=java.base/sun.security.util=cpw.mods.securejarhandler --add-exports=jdk.naming.dns/com.sun.jndi.dns=java.naming -Dlog4j2.configurationFile=C:\\Users\\julia\\Documents\\GitHub\\create-warfare-simulated\\build\\moddev\\clientLog4j2.xml -Djava.net.preferIPv6Addresses=system -DignoreList=mixinextras-neoforge-0.5.3.jar,client-extra,neoforge- -DlegacyClassPath.file=C:\\Users\\julia\\Documents\\GitHub\\create-warfare-simulated\\build\\moddev\\clientLegacyClasspath.txt -Dneoforge.enableGameTest=true -Dneoforge.enabledGameTestNamespaces=createwarfare -Dforge.logging.markers=REGISTRIES --module-path=C:\\Users\\julia\\.gradle\\caches\\modules-2\\files-2.1\\net.neoforged\\JarJarFileSystems\\0.4.1\\78f59f89defcd032ed788b151ca6a0d40ace796a\\JarJarFileSystems-0.4.1.jar;C:\\Users\\julia\\.gradle\\caches\\modules-2\\files-2.1\\cpw.mods\\bootstraplauncher\\2.0.2\\1a2d076cbc33b0520cbacd591224427b2a20047d\\bootstraplauncher-2.0.2.jar;C:\\Users\\julia\\.gradle\\caches\\modules-2\\files-2.1\\cpw.mods\\securejarhandler\\3.0.8\\c0ef95cecd8699a0449053ac7d9c160748d902cd\\securejarhandler-3.0.8.jar;C:\\Users\\julia\\.gradle\\caches\\modules-2\\files-2.1\\org.ow2.asm\\asm-commons\\9.10.1\\4229e4c55fd8e01c23f9fe9884075cc628aacc50\\asm-commons-9.10.1.jar;C:\\Users\\julia\\.gradle\\caches\\modules-2\\files-2.1\\org.ow2.asm\\asm-util\\9.10.1\\7bb9d450e8d4cbf9f9e04096c44bbfe7fba80b15\\asm-util-9.10.1.jar;C:\\Users\\julia\\.gradle\\caches\\modules-2\\files-2.1\\org.ow2.asm\\asm-analysis\\9.10.1\\8d49f14d51f632cb1d87c88d1ceaf50db0d8af1b\\asm-analysis-9.10.1.jar;C:\\Users\\julia\\.gradle\\caches\\modules-2\\files-2.1\\org.ow2.asm\\asm-tree\\9.10.1\\e244332a17564c1d1572449399a842de35881be2\\asm-tree-9.10.1.jar;C:\\Users\\julia\\.gradle\\caches\\modules-2\\files-2.1\\org.ow2.asm\\asm\\9.10.1\\ada2141c0cc52ee8f5c48cd5fa4ce0e794f22236\\asm-9.10.1.jar --add-modules=ALL-MODULE-PATH --add-opens=java.base/java.util.jar=cpw.mods.securejarhandler --add-opens=java.base/java.lang.invoke=cpw.mods.securejarhandler --add-exports=java.base/sun.security.util=cpw.mods.securejarhandler --add-exports=jdk.naming.dns/com.sun.jndi.dns=java.naming -Dlog4j2.configurationFile=C:\\Users\\julia\\Documents\\GitHub\\create-warfare-simulated\\build\\moddev\\clientLog4j2.xml -Djava.net.preferIPv6Addresses=system -DignoreList=mixinextras-neoforge-0.5.3.jar,client-extra,neoforge- -DlegacyClassPath.file=C:\\Users\\julia\\Documents\\GitHub\\create-warfare-simulated\\build\\moddev\\clientLegacyClasspath.txt -Dneoforge.enableGameTest=true -Dneoforge.enabledGameTestNamespaces=createwarfare -Dforge.logging.markers=REGISTRIES -Dfile.encoding=UTF-8 -Duser.country=US -Duser.language=en -Duser.variant 
java_command: net.neoforged.devlaunch.Main @C:\\Users\\julia\\Documents\\GitHub\\create-warfare-simulated\\build\\moddev\\clientRunProgramArgs.txt
java_class_path (initial): C:\Users\julia\Documents\GitHub\create-warfare-simulated\build\classes\java\main;C:\Users\julia\Documents\GitHub\create-warfare-simulated\build\resources\main;C:\Users\julia\Documents\GitHub\create-warfare-simulated\build\moddev\artifacts\neoforge-21.1.248.jar;C:\Users\julia\Documents\GitHub\create-warfare-simulated\build\moddev\artifacts\neoforge-21.1.248-client-extra-aka-minecraft-resources.jar;C:\Users\julia\.gradle\caches\modules-2\files-2.1\net.neoforged\DevLaunch\1.0.2\2e0e9a67793d5bfdedee4f9ea00934dbf3f2e22d\DevLaunch-1.0.2.jar;C:\Users\julia\.gradle\caches\modules-2\files-2.1\dev.ryanhcode.sable\sable-neoforge-1.21.1\2.0.5\5f666e973d32baaaf405acb9bbed6615b909971\sable-neoforge-1.21.1-2.0.5.jar;C:\Users\julia\.gradle\caches\modules-2\files-2.1\com.simibubi.create\create-1.21.1\6.0.10-280\92471e8fc5ed4e3c2279001d77ebcec6fd38bcab\create-1.21.1-6.0.10-280-slim.jar;C:\Users\julia\.gradle\caches\modules-2\files-2.1\com.simibubi.create\create-1.21.1\6.0.10-280\62c085fd48fc84b62f88d7bc98b7c4206492c080\create-1.21.1-6.0.10-280.jar;C:\Users\julia\.gradle\caches\modules-2\files-2.1\net.createmod.ponder\ponder-neoforge\1.0.82+mc1.21.1\b10a04f40b9d6d33c346fb38df33f10f7e51b713\ponder-neoforge-1.0.82+mc1.21.1.jar;C:\Users\julia\.gradle\caches\modules-2\files-2.1\com.tterrag.registrate\Registrate\MC1.21-1.3.0+67\66ddc4cd56472fea1ea1a24182901e6c92a51c0a\Registrate-MC1.21-1.3.0+67.jar;C:\Users\julia\.gradle\caches\modules-2\files-2.1\maven.modrinth\oWaK0Q19\44pLdPGg\ddbe9cbc25e8f663218aa1e9fdfc4b99f0e11e4b\oWaK0Q19-44pLdPGg.jar;C:\Users\julia\.gradle\caches\modules-2\files-2.1\dev.engine-room.flywheel\flywheel-neoforge-1.21.1\1.0.6\a943872ad0bdd4458d818d8d7dc123fb250eb744\flywheel-neoforge-1.21.1-1.0.6.jar;C:\Users\julia\.gradle\caches\modules-2\files-2.1\net.neoforged.fancymodloader\earlydisplay\4.0.43\3a941fcf258b5a7dde0445377a7206a55d11630d\earlydisplay-4.0.43.jar;C:\Users\julia\.gradle\caches\modules-2\files-2.1\net.neoforged.fancymodloader\loader\4.0.43\fb10b7bf2f568a9676ad8b426b19c23badbbd98a\loader-4.0.43.jar;C:\Users\julia\.gradle\caches\modules-2\files-2.1\net.neoforged.accesstransformers\at-modlauncher\10.0.1\5aba50202aceead086bc09fbc2751c9f05cb4890\at-modlauncher-10.0.1.jar;C:\Users\julia\.gradle\caches\modules-2\files-2.1\net.neoforged\accesstransformers\10.0.1\fd83b5725f76eae9115e9355fa1c456a6a441400\accesstransformers-10.0.1.jar;C:\Users\julia\.gradle\caches\modules-2\files-2.1\net.neoforged\bus\8.0.5\5b2d33285ab5d1554e9798ad98c40d6ea3868bd5\bus-8.0.5.jar;C:\Users\julia\.gradle\caches\modules-2\files-2.1\net.neoforged\coremods\7.0.3\9147e6f638b4272b3bd5fc8f92ad37802512c6c\coremods-7.0.3.jar;C:\Users\julia\.gradle\caches\modules-2\files-2.1\cpw.mods\modlauncher\11.0.5\b8f0d49294f733fdb6173931b263553e943dc950\modlauncher-11.0.5.jar;C:\Users\julia\.gradle\caches\modules-2\files-2.1\net.neoforged\mergetool\2.0.0\52fe1949be64e3303aabaaa21e315f551db9c9f4\mergetool-2.0.0-api.jar;C:\Users\julia\.gradle\caches\modules-2\files-2.1\com.electronwill.night-config\toml\3.8.3\90b2fd6efcb4a7d5b9810cf78f9d824994d717f2\toml-3.8.3.jar;C:\Users\julia\.gradle\caches\modules-2\files-2.1\com.electronwill.night-config\core\3.8.3\b442a95f09e349927f5a945ecb594455870fcf4f\core-3.8.3.jar;C:\Users\julia\.gradle\caches\modules-2\files-2.1\net.neoforged\JarJarSelector\0.4.1\fb3cc7a58af22ad2880adb98af6d518128c47dae\JarJarSelector-0.4.1.jar;C:\Users\julia\.gradle\caches\modules-2\files-2.1\net.neoforged\JarJarMetadata\0.4.1\f8da03683dc81694556dc3e177c5e3bb77ae6fcb\JarJarMetadata-0.4.1.jar;C:\Users\julia\.gradle\caches\modules-2\files-2.1\dev.ryanhcode.sable\sable-sable_rapier-1.21.1\2.0.5\8fd9e68113d35a8014669da7396c6ad892c4f143\sable-sable_rapier-1.21.1-2.0.5.jar;C:\Users\julia\.gradle\caches\modules-2\files-2.1\org.apache.maven\maven-artifact\3.8.5\4433f50c07debefaed0553bd0068f4f48d449313\maven-artifact-3.8.5.jar;C:\Users\julia\.gradle\caches\modules-2\files-2.1\net.jodah\typetools\0.6.3\a01aaa6ddaea9ec07ec4f209487b7a46a526283a\typetools-0.6.3.jar;C:\Users\julia\.gradle\caches\modules-2\files-2.1\net.minecrell\terminalconsoleappender\1.3.0\b562e9bb61235c9520e26282cdee71f8f802d1fc\terminalconsoleappender-1.3.0.jar;C:\Users\julia\.gradle\caches\modules-2\files-2.1\net.fabricmc\sponge-mixin\0.15.2+mixin.0.8.7\2af2f021d8e02a0220dc27a7a72b4666d66d44ca\sponge-mixin-0.15.2+mixin.0.8.7.jar;C:\Users\julia\.gradle\caches\modules-2\files-2.1\org.openjdk.nashorn\nashorn-core\15.4\f67f5ffaa5f5130cf6fb9b133da00c7df3b532a5\nashorn-core-15.4.jar;C:\Users\julia\.gradle\caches\modules-2\files-2.1\org.apache.commons\commons-lang3\3.14.0\1ed471194b02f2c6cb734a0cd6f6f107c673afae\commons-lang3-3.14.0.jar;C:\Users\julia\.gradle\caches\modules-2\files-2.1\cpw.mods\bootstraplauncher\2.0.2\1a2d076cbc33b0520cbacd591224427b2a20047d\bootstraplauncher-2.0.2.jar;C:\Users\julia\.gradle\caches\modules-2\files-2.1\cpw.mods\securejarhandler\3.0.8\c0ef95cecd8699a0449053ac7d9c160748d902cd\securejarhandler-3.0.8.jar;C:\Users\julia\.gradle\caches\modules-2\files-2.1\org.ow2.asm\asm-commons\9.10.1\4229e4c55fd8e01c23f9fe9884075cc628aacc50\asm-commons-9.10.1.jar;C:\Users\julia\.gradle\caches\modules-2\files-2.1\org.ow2.asm\asm-util\9.10.1\7bb9d450e8d4cbf9f9e04096c44bbfe7fba80b15\asm-util-9.10.1.jar;C:\Users\julia\.gradle\caches\modules-2\files-2.1\org.ow2.asm\asm-analysis\9.10.1\8d49f14d51f632cb1d87c88d1ceaf50db0d8af1b\asm-analysis-9.10.1.jar;C:\Users\julia\.gradle\caches\modules-2\files-2.1\foundry.veil\veil-neoforge-1.21.1\4.3.2\3d4056e31dd8a06e35901c3b82210c3d471e1e48\veil-neoforge-1.21.1-4.3.2.jar;C:\Users\julia\.gradle\caches\modules-2\files-2.1\gg.moonflower\molang-compiler\3.1.1.19\c7c0f9a9d0431c3485a0b6d2a4fb87e3de415ff9\molang-compiler-3.1.1.19.jar;C:\Users\julia\.gradle\caches\modules-2\files-2.1\io.github.ocelot\glsl-processor\0.2.3\f43cf0a51050fcdcbe8253368f0d77cf0439bf04\glsl-processor-0.2.3.jar;C:\Users\julia\.gradle\caches\modules-2\files-2.1\org.ow2.asm\asm-tree\9.10.1\e244332a17564c1d1572449399a842de35881be2\asm-tree-9.10.1.jar;C:\Users\julia\.gradle\caches\modules-2\files-2.1\org.ow2.asm\asm\9.10.1\ada2141c0cc52ee8f5c48cd5fa4ce0e794f22236\asm-9.10.1.jar;C:\Users\julia\.gradle\caches\modules-2\files-2.1\net.neoforged\JarJarFileSystems\0.4.1\78f59f89defcd032ed788b151ca6a0d40ace796a\JarJarFileSystems-0.4.1.jar;C:\Users\julia\.gradle\caches\modules-2\files-2.1\dev.ryanhcode.sable-companion\sable-companion-common-1.21.1\1.6.0\370be7db705926176e05c0215ed676150c45daae\sable-companion-common-1.21.1-1.6.0.jar;C:\Users\julia\.gradle\caches\modules-2\files-2.1\net.sf.jopt-simple\jopt-simple\5.0.4\4fdac2fbe92dfad86aa6e9301736f6b4342a3f5c\jopt-simple-5.0.4.jar;C:\Users\julia\.gradle\caches\modules-2\files-2.1\commons-io\commons-io\2.15.1\f11560da189ab563a5c8e351941415430e9304ea\commons-io-2.15.1.jar;C:\Users\julia\.gradle\caches\modules-2\files-2.1\com.mojang\logging\1.2.7\24cb95ffb0e3433fd6e844c04e68009e504ca1c0\logging-1.2.7.jar;C:\Users\julia\.gradle\caches\modules-2\files-2.1\org.apache.logging.log4j\log4j-slf4j2-impl\2.22.1\d7e6693c2606cb7e7335047d7bb96dec52db5665\log4j-slf4j2-impl-2.22.1.jar;C:\Users\julia\.gradle\caches\modules-2\files-2.1\org.apache.logging.log4j\log4j-core\2.22.1\7183a25510a02ad00cc6a95d3b3d2a7d3c5a8dc4\log4j-core-2.22.1.jar;C:\Users\julia\.gradle\caches\modules-2\files-2.1\org.apache.logging.log4j\log4j-api\2.22.1\bea6fede6328fabafd7e68363161a7ea6605abd1\log4j-api-2.22.1.jar;C:\Users\julia\.gradle\caches\modules-2\files-2.1\com.google.guava\guava\32.1.2-jre\5e64ec7e056456bef3a4bc4c6fdaef71e8ab6318\guava-32.1.2-jre.jar;C:\Users\julia\.gradle\caches\modules-2\files-2.1\com.google.code.gson\gson\2.10.1\b3add478d4382b78ea20b1671390a858002feb6c\gson-2.10.1.jar;C:\Users\julia\.gradle\caches\modules-2\files-2.1\org.slf4j\slf4j-api\2.0.9\7cf2726fdcfbc8610f9a71fb3ed639871f315340\slf4j-api-2.0.9.jar;C:\Users\julia\.gradle\caches\modules-2\files-2.1\org.antlr\antlr4-runtime\4.13.1\17125bae1d965624e265ef49552f6465a2bfa307\antlr4-runtime-4.13.1.jar;C:\Users\julia\.gradle\caches\modules-2\files-2.1\net.minecraftforge\srgutils\0.4.15\ca408b131759478f164e010fae0d73997e125fb5\srgutils-0.4.15.jar;C:\Users\julia\.gradle\caches\modules-2\files-2.1\org.codehaus.plexus\plexus-utils\3.3.0\cf43b5391de623b36fe066a21127baef82c64022\plexus-utils-3.3.0.jar;C:\Users\julia\.gradle\caches\modules-2\files-2.1\org.jline\jline-reader\3.20.0\8f15415b022a25b473e8e16c28ae913186ffb9c4\jline-reader-3.20.0.jar;C:\Users\julia\.gradle\caches\modules-2\files-2.1\com.machinezoo.noexception\noexception\1.7.1\b65330c98e38a1f915fa54a6e5eca496505e3f0a\noexception-1.7.1.jar;C:\Users\julia\.gradle\caches\modules-2\files-2.1\com.github.oshi\oshi-core\6.4.10\b1d8ab82d11d92fd639b56d639f8f46f739dd5fa\oshi-core-6.4.10.jar;C:\Users\julia\.gradle\caches\modules-2\files-2.1\com.google.guava\failureaccess\1.0.1\1dcf1de382a0bf95a3d8b0849546c88bac1292c9\failureaccess-1.0.1.jar;C:\Users\julia\.gradle\caches\modules-2\files-2.1\com.ibm.icu\icu4j\73.2\61ad4ef7f9131fcf6d25c34b817f90d6da06c9e9\icu4j-73.2.jar;C:\Users\julia\.gradle\caches\modules-2\files-2.1\com.mojang\authlib\6.0.54\de8bc95660e1b2fe8793fd427a7a10dcec5b3ea7\authlib-6.0.54.jar;C:\Users\julia\.gradle\caches\modules-2\files-2.1\com.mojang\blocklist\1.0.10\5c685c5ffa94c4cd39496c7184c1d122e515ecef\blocklist-1.0.10.jar;C:\Users\julia\.gradle\caches\modules-2\files-2.1\com.mojang\brigadier\1.3.10\d15b53a14cf20fdcaa98f731af5dda654452c010\brigadier-1.3.10.jar;C:\Users\julia\.gradle\caches\modules-2\files-2.1\com.mojang\datafixerupper\8.0.16\67d4de6d7f95d89bcf5862995fb854ebaec02a34\datafixerupper-8.0.16.jar;C:\Users\julia\.gradle\caches\modules-2\files-2.1\com.mojang\patchy\2.2.10\da05971b07cbb379d002cf7eaec6a2048211fefc\patchy-2.2.10.jar;C:\Users\julia\.gradle\caches\modules-2\files-2.1\com.mojang\text2speech\1.17.9\3cad216e3a7f0c19b4b394388bc9ffc446f13b14\text2speech-1.17.9.jar;C:\Users\julia\.gradle\caches\modules-2\files-2.1\commons-codec\commons-codec\1.16.0\4e3eb3d79888d76b54e28b350915b5dc3919c9de\commons-codec-1.16.0.jar;C:\Users\julia\.gradle\caches\modules-2\files-2.1\commons-logging\commons-logging\1.2\4bfc12adfe4842bf07b657f0369c4cb522955686\commons-logging-1.2.jar;C:\Users\julia\.gradle\caches\modules-2\files-2.1\io.netty\netty-buffer\4.1.97.Final\f8f3d8644afa5e6e1a40a3a6aeb9d9aa970ecb4f\netty-buffer-4.1.97.Final.jar;C:\Users\julia\.gradle\caches\modules-2\files-2.1\io.netty\netty-codec\4.1.97.Final\384ba4d75670befbedb45c4d3b497a93639c206d\netty-codec-4.1.97.Final.jar;C:\Users\julia\.gradle\caches\modules-2\files-2.1\io.netty\netty-common\4.1.97.Final\7cceacaf11df8dc63f23d0fb58e9d4640fc88404\netty-common-4.1.97.Final.jar;C:\Users\julia\.gradle\caches\modules-2\files-2.1\io.netty\netty-handler\4.1.97.Final\abb86c6906bf512bf2b797a41cd7d2e8d3cd7c36\netty-handler-4.1.97.Final.jar;C:\Users\julia\.gradle\caches\modules-2\files-2.1\io.netty\netty-resolver\4.1.97.Final\cec8348108dc76c47cf87c669d514be52c922144\netty-resolver-4.1.97.Final.jar;C:\Users\julia\.gradle\caches\modules-2\files-2.1\io.netty\netty-transport-classes-epoll\4.1.97.Final\795da37ded759e862457a82d9d92c4d39ce8ecee\netty-transport-classes-epoll-4.1.97.Final.jar;C:\Users\julia\.gradle\caches\modules-2\files-2.1\io.netty\netty-transport-native-unix-common\4.1.97.Final\d469d84265ab70095b01b40886cabdd433b6e664\netty-transport-native-unix-common-4.1.97.Final.jar;C:\Users\julia\.gradle\caches\modules-2\files-2.1\io.netty\netty-transport\4.1.97.Final\f37380d23c9bb079bc702910833b2fd532c9abd0\netty-transport-4.1.97.Final.jar;C:\Users\julia\.gradle\caches\modules-2\files-2.1\it.unimi.dsi\fastutil\8.5.12\c24946d46824bd528054bface3231d2ecb7e95e8\fastutil-8.5.12.jar;C:\Users\julia\.gradle\caches\modules-2\files-2.1\net.java.dev.jna\jna-platform\5.14.0\28934d48aed814f11e4c584da55c49fa7032b31b\jna-platform-5.14.0.jar;C:\Users\julia\.gradle\caches\modules-2\files-2.1\net.java.dev.jna\jna\5.14.0\67bf3eaea4f0718cb376a181a629e5f88fa1c9dd\jna-5.14.0.jar;C:\Users\julia\.gradle\caches\modules-2\files-2.1\org.apache.commons\commons-compress\1.26.0\659feffdd12280201c8aacb8f7be94f9a883c824\commons-compress-1.26.0.jar;C:\Users\julia\.gradle\caches\modules-2\files-2.1\org.apache.httpcomponents\httpclient\4.5.13\e5f6cae5ca7ecaac1ec2827a9e2d65ae2869cada\httpclient-4.5.13.jar;C:\Users\julia\.gradle\caches\modules-2\files-2.1\org.apache.httpcomponents\httpcore\4.4.16\51cf043c87253c9f58b539c9f7e44c8894223850\httpcore-4.4.16.jar;C:\Users\julia\.gradle\caches\modules-2\files-2.1\org.jcraft\jorbis\0.0.17\8872d22b293e8f5d7d56ff92be966e6dc28ebdc6\jorbis-0.0.17.jar;C:\Users\julia\.gradle\caches\modules-2\files-2.1\org.joml\joml\1.10.5\22566d58af70ad3d72308bab63b8339906deb649\joml-1.10.5.jar;C:\Users\julia\.gradle\caches\modules-2\files-2.1\org.lwjgl\lwjgl-freetype\3.3.3\a0db6c84a8becc8ca05f9dbfa985edc348a824c7\lwjgl-freetype-3.3.3.jar;C:\Users\julia\.gradle\caches\modules-2\files-2.1\org.lwjgl\lwjgl-freetype\3.3.3\81091b006dbb43fab04c8c638e9ac87c51b4096d\lwjgl-freetype-3.3.3-natives-windows.jar;C:\Users\julia\.gradle\caches\modules-2\files-2.1\org.lwjgl\lwjgl-freetype\3.3.3\82028265a0a2ff33523ca75137ada7dc176e5210\lwjgl-freetype-3.3.3-natives-windows-arm64.jar;C:\Users\julia\.gradle\caches\modules-2\files-2.1\org.lwjgl\lwjgl-freetype\3.3.3\15a8c1de7f51d07a92eae7ce1222557073a0c0c3\lwjgl-freetype-3.3.3-natives-windows-x86.jar;C:\Users\julia\.gradle\caches\modules-2\files-2.1\org.lwjgl\lwjgl-glfw\3.3.3\efa1eb78c5ccd840e9f329717109b5e892d72f8e\lwjgl-glfw-3.3.3.jar;C:\Users\julia\.gradle\caches\modules-2\files-2.1\org.lwjgl\lwjgl-glfw\3.3.3\e449e28b4891fc423c54c85fbc5bb0b9efece67a\lwjgl-glfw-3.3.3-natives-windows.jar;C:\Users\julia\.gradle\caches\modules-2\files-2.1\org.lwjgl\lwjgl-glfw\3.3.3\f27018dc74f6289574502b46cce55d52817554e2\lwjgl-glfw-3.3.3-natives-windows-arm64.jar;C:\Users\julia\.gradle\caches\modules-2\files-2.1\org.lwjgl\lwjgl-glfw\3.3.3\32334f3fd5270a59bad9939a93115acb6de36dcf\lwjgl-glfw-3.3.3-natives-windows-x86.jar;C:\Users\julia\.gradle\caches\modules-2\files-2.1\org.lwjgl\lwjgl-jemalloc\3.3.3\b543467b7ff3c6920539a88ee602d34098628be5\lwjgl-jemalloc-3.3.3.jar;C:\Users\julia\.gradle\caches\modules-2\files-2.1\org.lwjgl\lwjgl-jemalloc\3.3.3\426222fc027602a5f21b9c0fe79cde6a4c7a011f\lwjgl-jemalloc-3.3.3-natives-windows.jar;C:\Users\julia\.gradle\caches\modules-2\files-2.1\org.lwjgl\lwjgl-jemalloc\3.3.3\ba1f3fed0ee4be0217eaa41c5bbfb4b9b1383c33\lwjgl-jemalloc-3.3.3-natives-windows-arm64.jar;C:\Users\julia\.gradle\caches\modules-2\files-2.1\org.lwjgl\lwjgl-jemalloc\3.3.3\f6063b6e0f23be483c5c88d84ce51b39dc69126c\lwjgl-jemalloc-3.3.3-natives-windows-x86.jar;C:\Users\julia\.gradle\caches\modules-2\files-2.1\org.lwjgl\lwjgl-openal\3.3.3\daada81ceb5fc0c291fbfdd4433cb8d9423577f2\lwjgl-openal-3.3.3.jar;C:\Users\julia\.gradle\caches\modules-2\files-2.1\org.lwjgl\lwjgl-openal\3.3.3\cf83862ae95d98496b26915024c7e666d8ab1c8f\lwjgl-openal-3.3.3-natives-windows.jar;C:\Users\julia\.gradle\caches\modules-2\files-2.1\org.lwjgl\lwjgl-openal\3.3.3\8e0615235116b9e4160dfe87bec90f5f6378bf72\lwjgl-openal-3.3.3-natives-windows-arm64.jar;C:\Users\julia\.gradle\caches\modules-2\files-2.1\org.lwjgl\lwjgl-openal\3.3.3\87b8d5050e3adb46bb58fe1cb2669a4a48fce10d\lwjgl-openal-3.3.3-natives-windows-x86.jar;C:\Users\julia\.gradle\caches\modules-2\files-2.1\org.lwjgl\lwjgl-opengl\3.3.3\2f6b0147078396a58979125a4c947664e98293a\lwjgl-opengl-3.3.3.jar;C:\Users\julia\.gradle\caches\modules-2\files-2.1\org.lwjgl\lwjgl-opengl\3.3.3\e6c1eec8be8a71951b830a4d69efc01c6531900c\lwjgl-opengl-3.3.3-natives-windows.jar;C:\Users\julia\.gradle\caches\modules-2\files-2.1\org.lwjgl\lwjgl-opengl\3.3.3\65e956d3735a1abdc82eff4baec1b61174697d4b\lwjgl-opengl-3.3.3-natives-windows-arm64.jar;C:\Users\julia\.gradle\caches\modules-2\files-2.1\org.lwjgl\lwjgl-opengl\3.3.3\d32d833dcaa2f355a886eaf21f0408b5f03241d\lwjgl-opengl-3.3.3-natives-windows-x86.jar;C:\Users\julia\.gradle\caches\modules-2\files-2.1\org.lwjgl\lwjgl-stb\3.3.3\25dd6161988d7e65f71d5065c99902402ee32746\lwjgl-stb-3.3.3.jar;C:\Users\julia\.gradle\caches\modules-2\files-2.1\org.lwjgl\lwjgl-stb\3.3.3\1d9facdf6541de114b0f963be33505b7679c78cb\lwjgl-stb-3.3.3-natives-windows.jar;C:\Users\julia\.gradle\caches\modules-2\files-2.1\org.lwjgl\lwjgl-stb\3.3.3\a584ab44de569708871f0a79561f4d8c37487f2c\lwjgl-stb-3.3.3-natives-windows-arm64.jar;C:\Users\julia\.gradle\caches\modules-2\files-2.1\org.lwjgl\lwjgl-stb\3.3.3\b5c874687b9aac1a936501d4ed2c49567fd1b575\lwjgl-stb-3.3.3-natives-windows-x86.jar;C:\Users\julia\.gradle\caches\modules-2\files-2.1\org.lwjgl\lwjgl-tinyfd\3.3.3\82d755ca94b102e9ca77283b9e2dc46d1b15fbe5\lwjgl-tinyfd-3.3.3.jar;C:\Users\julia\.gradle\caches\modules-2\files-2.1\org.lwjgl\lwjgl-tinyfd\3.3.3\a6697981b0449a5087c1d546fc08b4f73e8f98c9\lwjgl-tinyfd-3.3.3-natives-windows.jar;C:\Users\julia\.gradle\caches\modules-2\files-2.1\org.lwjgl\lwjgl-tinyfd\3.3.3\a88c494f3006eb91a7433b12a3a55a9a6c20788b\lwjgl-tinyfd-3.3.3-natives-windows-arm64.jar;C:\Users\julia\.gradle\caches\modules-2\files-2.1\org.lwjgl\lwjgl-tinyfd\3.3.3\c336c84ee88cccb495c6ffa112395509e7378e8a\lwjgl-tinyfd-3.3.3-natives-windows-x86.jar;C:\Users\julia\.gradle\caches\modules-2\files-2.1\org.lwjgl\lwjgl\3.3.3\29589b5f87ed335a6c7e7ee6a5775f81f97ecb84\lwjgl-3.3.3.jar;C:\Users\julia\.gradle\caches\modules-2\files-2.1\org.lwjgl\lwjgl\3.3.3\a5ed18a2b82fc91b81f40d717cb1f64c9dcb0540\lwjgl-3.3.3-natives-windows.jar;C:\Users\julia\.gradle\caches\modules-2\files-2.1\org.lwjgl\lwjgl\3.3.3\e9aca8c5479b520a2a7f0d542a118140e812c5e8\lwjgl-3.3.3-natives-windows-arm64.jar;C:\Users\julia\.gradle\caches\modules-2\files-2.1\org.lwjgl\lwjgl\3.3.3\9e670718e050aeaeea0c2d5b907cffb142f2e58f\lwjgl-3.3.3-natives-windows-x86.jar;C:\Users\julia\.gradle\caches\modules-2\files-2.1\org.lz4\lz4-java\1.8.0\4b986a99445e49ea5fbf5d149c4b63f6ed6c6780\lz4-java-1.8.0.jar;C:\Users\julia\.gradle\caches\modules-2\files-2.1\org.jline\jline-terminal\3.20.0\d0ddcc708ddf527a3454c941b7b9225cc83a15ff\jline-terminal-3.20.0.jar;C:\Users\julia\.gradle\caches\modules-2\files-2.1\com.google.guava\listenablefuture\9999.0-empty-to-avoid-conflict-with-guava\b421526c5f297295adef1c886e5246c39d4ac629\listenablefuture-9999.0-empty-to-avoid-conflict-with-guava.jar;C:\Users\julia\.gradle\caches\modules-2\files-2.1\com.google.code.findbugs\jsr305\3.0.2\25ea2e8b0c338a877313bd4672d3fe056ea78f0d\jsr305-3.0.2.jar;C:\Users\julia\.gradle\caches\modules-2\files-2.1\org.checkerframework\checker-qual\3.33.0\de2b60b62da487644fc11f734e73c8b0b431238f\checker-qual-3.33.0.jar;C:\Users\julia\.gradle\caches\modules-2\files-2.1\com.google.errorprone\error_prone_annotations\2.18.0\89b684257096f548fa39a7df9fdaa409d4d4df91\error_prone_annotations-2.18.0.jar;C:\Users\julia\.gradle\caches\modules-2\files-2.1\com.google.j2objc\j2objc-annotations\2.8\c85270e307e7b822f1086b93689124b89768e273\j2objc-annotations-2.8.jar
Launcher Type: SUN_STANDARD

[Global flags]
     intx CICompilerCount                          = 4                                         {product} {ergonomic}
     uint ConcGCThreads                            = 3                                         {product} {ergonomic}
     uint G1ConcRefinementThreads                  = 10                                        {product} {ergonomic}
   size_t G1HeapRegionSize                         = 4194304                                   {product} {ergonomic}
    uintx GCDrainStackTargetSize                   = 64                                        {product} {ergonomic}
   size_t InitialHeapSize                          = 524288000                                 {product} {ergonomic}
   size_t MarkStackSize                            = 4194304                                   {product} {ergonomic}
   size_t MaxHeapSize                              = 8355053568                                {product} {ergonomic}
   size_t MaxNewSize                               = 5012193280                                {product} {ergonomic}
   size_t MinHeapDeltaBytes                        = 4194304                                   {product} {ergonomic}
   size_t MinHeapSize                              = 8388608                                   {product} {ergonomic}
    uintx NonNMethodCodeHeapSize                   = 5839372                                {pd product} {ergonomic}
    uintx NonProfiledCodeHeapSize                  = 122909434                              {pd product} {ergonomic}
    uintx ProfiledCodeHeapSize                     = 122909434                              {pd product} {ergonomic}
    uintx ReservedCodeCacheSize                    = 251658240                              {pd product} {ergonomic}
     bool SegmentedCodeCache                       = true                                      {product} {ergonomic}
   size_t SoftMaxHeapSize                          = 8355053568                             {manageable} {ergonomic}
     bool UseCompressedOops                        = true                           {product lp64_product} {ergonomic}
     bool UseG1GC                                  = true                                      {product} {ergonomic}
     bool UseLargePagesIndividualAllocation        = false                                  {pd product} {ergonomic}

Logging:
Log output configuration:
 #0: stdout all=warning uptime,level,tags foldmultilines=false
 #1: stderr all=off uptime,level,tags foldmultilines=false

Release file:
IMPLEMENTOR="Eclipse Adoptium" 
IMPLEMENTOR_VERSION="Temurin-21.0.12+8" 
JAVA_RUNTIME_VERSION="21.0.12+8-LTS" 
JAVA_VERSION="21.0.12" 
JAVA_VERSION_DATE="2026-07-21" 
LIBC="default" 
MODULES="java.base java.compiler java.datatransfer java.xml java.prefs java.desktop java.instrument java.logging java.management java.security.sasl java.naming java.rmi java.management.rmi java.net.http java.scripting java.security.jgss java.transaction.xa java.sql java.sql.rowset java.xml.crypto java.se java.smartcardio jdk.accessibility jdk.internal.jvmstat jdk.attach jdk.charsets jdk.internal.opt jdk.zipfs jdk.compiler jdk.crypto.ec jdk.crypto.cryptoki jdk.crypto.mscapi jdk.dynalink jdk.internal.ed jdk.editpad jdk.hotspot.agent jdk.httpserver jdk.incubator.vector jdk.internal.le jdk.internal.vm.ci jdk.internal.vm.compiler jdk.internal.vm.compiler.management jdk.jartool jdk.javadoc jdk.jcmd jdk.management jdk.management.agent jdk.jconsole jdk.jdeps jdk.jdwp.agent jdk.jdi jdk.jfr jdk.jlink jdk.jpackage jdk.jshell jdk.jsobject jdk.jstatd jdk.localedata jdk.management.jfr jdk.naming.dns jdk.naming.rmi jdk.net jdk.nio.mapmode jdk.random jdk.sctp jdk.security.auth jdk.security.jgss jdk.unsupported jdk.unsupported.desktop jdk.xml.dom" 
OS_ARCH="x86_64" 
OS_NAME="Windows" 
SOURCE=".:git:04806bcb1d50" 
BUILD_SOURCE="git:e6ba7dec3d07654074559310376a3ae89da5f4ac"
BUILD_SOURCE_REPO="https://github.com/adoptium/temurin-build.git"
SOURCE_REPO="https://github.com/adoptium/jdk21u.git"
FULL_VERSION="21.0.12+8-LTS"
SEMANTIC_VERSION="21.0.12+8"
BUILD_INFO="OS: Windows Server 2022 Version: 10.0"
JVM_VARIANT="Hotspot"
JVM_VERSION="21.0.12+8-LTS"
IMAGE_TYPE="JDK"

Environment Variables:
PATH=C:\WINDOWS\system32;C:\WINDOWS;C:\WINDOWS\System32\Wbem;C:\WINDOWS\System32\WindowsPowerShell\v1.0\;C:\WINDOWS\System32\OpenSSH\;C:\Program Files\NVIDIA Corporation\NVIDIA App\NvDLISR;C:\Program Files (x86)\NVIDIA Corporation\PhysX\Common;C:\Program Files\Git\cmd;C:\Program Files\playit_gg\bin\;C:\Program Files\dotnet\;C:\Users\julia\AppData\Local\Programs\Python\Python312\Scripts\;C:\Users\julia\AppData\Local\Programs\Python\Python312\;C:\Users\julia\AppData\Local\Programs\Python\Launcher\;C:\Users\julia\AppData\Local\Programs\Eclipse Adoptium\jdk-25.0.3.9-hotspot\bin;C:\Users\julia\AppData\Local\Microsoft\WindowsApps;C:\Users\julia\AppData\Local\Programs\Microsoft VS Code\bin;C:\Users\julia\AppData\Local\Programs\Ollama;C:\Users\julia\AppData\Local\GitHubDesktop\bin
USERNAME=julia
OS=Windows_NT
PROCESSOR_IDENTIFIER=AMD64 Family 25 Model 97 Stepping 2, AuthenticAMD
TMP=C:\Users\julia\AppData\Local\Temp
TEMP=C:\Users\julia\AppData\Local\Temp




Periodic native trim disabled

---------------  S Y S T E M  ---------------

OS:
 Windows 11 , 64 bit Build 26100 (10.0.26100.9444)
OS uptime: 0 days 2:02 hours
Hyper-V role detected

CPU: total 12 (initial active 12) (12 cores per cpu, 2 threads per core) family 25 model 97 stepping 2 microcode 0xa60120c, cx8, cmov, fxsr, ht, mmx, 3dnowpref, sse, sse2, sse3, ssse3, sse4a, sse4.1, sse4.2, popcnt, lzcnt, tsc, tscinvbit, avx, avx2, aes, erms, clmul, bmi1, bmi2, adx, avx512f, avx512dq, avx512cd, avx512bw, avx512vl, sha, fma, vzeroupper, avx512_vpopcntdq, avx512_vpclmulqdq, avx512_vaes, avx512_vnni, clflush, clflushopt, avx512_vbmi2, avx512_vbmi, hv, rdtscp, rdpid, fsrm, gfni, avx512_bitalg, f16c, cet_ss, avx512_ifma
Processor Information for the first 12 processors :
  Max Mhz: 3801, Current Mhz: 3801, Mhz Limit: 3801

Memory: 4k page, system-wide physical 31860M (13257M free)
TotalPageFile size 35444M (AvailPageFile size 11538M)
current process WorkingSet (physical memory assigned to process): 5403M, peak: 5673M
current process commit charge ("private bytes"): 6380M, peak: 7028M

vm_info: OpenJDK 64-Bit Server VM (21.0.12+8-LTS) for windows-amd64 JRE (21.0.12+8-LTS), built on 2026-07-21T00:00:00Z by "admin" with MS VC++ 17.12 (VS2022)

END.
